data_end,data_orderbook_end,data_orderbook_start,data_quote_end,data_quote_start,data_start,data_symbols_count,data_trade_count,data_trade_end,data_trade_start,exchange_id,name,website
2018-05-05,2018-05-05T13:08:03.6910000Z,2017-12-18T21:50:58.3910192Z,2018-05-05T13:08:03.6910000Z,2017-12-18T21:50:58.3910192Z,2017-09-06,313,459759145.0,2018-05-05T13:07:47.0500000Z,2017-09-06T10:29:03.1290000Z,BINANCE,Binance,https://www.binance.com/
2018-05-05,2018-05-05T13:07:44.1363894Z,2015-05-17T00:51:32.6370000Z,2018-05-05T13:07:44.1363894Z,2015-05-17T00:51:32.6370000Z,2015-01-14,13,135908411.0,2018-05-05T13:07:44.9290000Z,2015-01-14T16:07:05.0000000Z,COINBASE,GDAX,https://www.gdax.com/
2018-05-05,2018-05-05T13:07:43.0990494Z,2014-02-24T17:43:05.0000000Z,2018-05-05T13:07:43.0990494Z,2014-02-24T17:43:05.0000000Z,2011-09-13,15,51653022.0,2018-05-05T13:07:31.0000000Z,2011-09-13T13:53:36.0000000Z,BITSTAMP,Bitstamp Ltd.,https://www.bitstamp.net/
2018-03-09,2018-03-09T23:34:52.5800000Z,2015-02-15T12:53:50.3430000Z,2018-03-09T23:34:52.5800000Z,2015-02-15T12:53:50.3430000Z,2013-06-12,2,2085401174.0,2018-03-09T23:23:30.4030000Z,2013-06-12T14:24:24.0000000Z,OKCOIN_CNY,OKCoin CNY,https://www.okcoin.cn/
2018-05-05,2018-05-05T13:09:22.3211489Z,2017-03-14T20:03:47.4782440Z,2018-05-05T13:09:22.3211489Z,2017-03-14T20:03:47.4782440Z,2017-01-26,352,304302299.0,2018-05-05T13:08:48.0330000Z,2017-01-26T19:48:55.0000000Z,BITTREX,Bittrex,https://bittrex.com/
2018-05-05,2018-05-05T13:09:43.5240263Z,2016-06-12T11:53:38.1523879Z,2018-05-05T13:09:43.5240263Z,2016-06-12T11:53:38.1523879Z,2016-05-29,173,247064252.0,2018-05-05T13:09:19.0000000Z,2016-05-29T15:05:08.0000000Z,POLONIEX,POLONIEX,https://poloniex.com/
2018-05-05,2018-05-05T13:09:43.5083859Z,2014-02-24T17:43:05.0000000Z,2018-05-05T13:09:43.5083859Z,2014-02-24T17:43:05.0000000Z,2013-03-31,169,194726966.0,2018-05-05T13:09:52.0000000Z,2013-03-31T22:07:48.0000000Z,BITFINEX,Bitfinex,https://www.bitfinex.com/
2018-05-05,2018-05-05T13:09:40.8899604Z,2014-07-31T13:05:46.0000000Z,2018-05-05T13:09:40.8899604Z,2014-07-31T13:05:46.0000000Z,2013-10-22,90,132759968.0,2018-05-05T13:09:55.1150000Z,2013-10-22T23:09:46.8630000Z,KRAKEN,Kraken,https://www.kraken.com/
2018-05-05,2018-05-05T13:08:22.3279208Z,2018-01-24T00:22:17.2456560Z,2018-05-05T13:08:22.3279208Z,2018-01-24T00:22:17.2456560Z,2018-01-22,223,125695669.0,2018-05-04T14:19:12.3900000Z,2018-01-22T12:55:12.5650000Z,HUOBIPRO,Huobi Pro,https://www.huobi.pro/
2018-05-05,2018-05-05T13:10:04.0574331Z,2017-03-18T22:53:44.4091161Z,2018-05-05T13:10:04.0574331Z,2017-03-18T22:53:44.4091161Z,2013-12-27,642,118907739.0,2018-05-05T13:09:32.0000000Z,2013-12-27T08:23:37.0000000Z,HITBTC,HitBTC,https://hitbtc.io/
2018-03-09,2018-03-09T23:36:46.2227576Z,2015-03-29T04:20:18.0000000Z,2018-03-09T23:36:46.2227576Z,2015-03-29T04:20:18.0000000Z,2011-06-13,3,118500419.0,2018-03-09T23:34:52.2430000Z,2011-06-13T05:13:24.0000000Z,BTCCHINA,BTCCHINA,https://www.btcchina.com/
2018-05-05,2018-05-05T13:09:01.1264197Z,2017-09-21T13:50:30.0371289Z,2018-05-05T13:09:01.1264197Z,2017-09-21T13:50:30.0371289Z,2017-09-21,12,92086151.0,2018-05-05T13:09:06.0000000Z,2017-09-21T13:43:23.0000000Z,BITHUMB,BITHUMB,https://www.bithumb.com/
2018-05-05,2018-05-05T13:09:04.1150859Z,2017-09-21T13:36:45.5891048Z,2018-05-05T13:09:04.1150859Z,2017-09-21T13:36:45.5891048Z,2017-09-20,8,63092458.0,2018-05-05T13:09:00.0000000Z,2017-09-20T13:37:21.0000000Z,COINONE,coinone,https://coinone.co.kr/
2018-05-05,2018-05-05T13:08:59.2570638Z,2017-12-18T21:01:51.6121385Z,2018-05-05T13:08:59.2570638Z,2017-12-18T21:01:51.6121385Z,2017-12-01,469,51622254.0,2018-05-05T13:08:39.0000000Z,2017-12-01T15:26:32.0000000Z,OKEX,OKEx,https://www.okex.com/
2018-05-05,2018-05-05T13:09:41.9394984Z,2015-02-15T12:53:46.6330000Z,2018-05-05T13:09:41.9394984Z,2015-02-15T12:53:46.6330000Z,2015-02-14,5,20120699.0,2018-05-05T13:08:55.0000000Z,2015-02-14T16:15:05.5900000Z,OKCOIN_USD,OKCoin USD,https://www.okcoin.com/
2018-05-03,2018-05-03T15:57:06.2652011Z,2015-05-17T14:57:14.3470000Z,2018-05-03T15:57:06.2652011Z,2015-05-17T14:57:14.3470000Z,2015-05-17,6,19595199.0,2018-03-09T23:34:06.0410000Z,2015-05-17T15:04:12.0000000Z,BTCTRADE,BTCTRADE,https://www.btctrade.com/
2018-05-05,2018-05-05T13:09:59.0000000Z,2017-03-14T20:04:08.1113853Z,2018-05-05T13:09:59.0000000Z,2017-03-14T20:04:08.1113853Z,2015-09-25,58,11185270.0,2018-05-05T13:09:54.0000000Z,2015-09-25T12:34:25.0000000Z,BITMEX,BitMEX,https://www.bitmex.com/
2018-05-05,2018-05-05T13:09:24.4550610Z,2017-03-18T22:53:42.0948480Z,2018-05-05T13:09:24.4550610Z,2017-03-18T22:53:42.0948480Z,2015-10-08,3,9795377.0,2018-05-05T13:09:19.6920000Z,2015-10-08T13:40:07.8010000Z,GEMINI,Gemini,https://gemini.com/
2018-05-05,2018-05-05T13:09:35.4719285Z,2015-05-26T18:24:28.9330000Z,2018-05-05T13:09:35.4719285Z,2015-05-26T18:24:28.9330000Z,2013-08-25,3,2858355.0,2018-05-05T13:06:03.0000000Z,2013-08-25T00:21:44.0000000Z,ITBIT,itBit,https://www.itbit.com/
2018-03-09,2018-03-09T23:36:50.7701113Z,2015-03-29T21:46:06.2630000Z,2018-03-09T23:36:50.7701113Z,2015-03-29T21:46:06.2630000Z,2015-03-29,2,538686774.0,2018-03-09T23:30:18.0330000Z,2015-03-29T21:46:08.7030000Z,HUOBI,Huobi,https://www.huobi.com/
2018-03-09,2018-03-09T23:36:50.7544837Z,2014-02-24T17:43:05.0000000Z,2018-03-09T23:36:50.7544837Z,2014-02-24T17:43:05.0000000Z,2011-08-14,24,65974803.0,2018-03-09T23:36:51.3410000Z,2011-08-14T14:14:40.0000000Z,BTC-E,BTC-e,https://btc-e.com/
2018-05-05,2018-05-05T13:18:44.8183517Z,2017-03-14T20:03:49.1491232Z,2018-05-05T13:18:44.8183517Z,2017-03-14T20:03:49.1491232Z,2014-12-19,2057,64300252.0,2018-05-05T12:12:53.0000000Z,2014-12-19T15:12:05.0000000Z,CRYPTOPIA,Cryptopia,https://www.cryptopia.co.nz/
2018-05-05,2018-05-05T13:15:24.1246980Z,2017-03-14T20:03:20.5307029Z,2018-05-05T13:15:24.1246980Z,2017-03-14T20:03:20.5307029Z,2017-03-14,1,59142974.0,2017-12-18T10:58:56.0000000Z,2017-03-14T20:04:46.0000000Z,COINCHECK,coincheck,https://coincheck.com/
2018-05-05,2018-05-05T13:21:13.0960599Z,2017-09-21T13:45:51.3610312Z,2018-05-05T13:21:13.0960599Z,2017-09-21T13:45:51.3610312Z,2016-09-08,229,51286181.0,2018-05-05T13:21:02.0000000Z,2016-09-08T12:23:19.0000000Z,LIQUI,Liqui,https://liqui.io/
2018-05-05,2018-05-05T13:21:57.4264956Z,2017-03-14T20:04:15.0007802Z,2018-05-05T13:21:57.4264956Z,2017-03-14T20:04:15.0007802Z,2016-02-17,48,43956873.0,2018-05-05T13:21:25.0000000Z,2016-02-17T16:38:11.0000000Z,EXMO,EXMO,https://exmo.com/
2018-05-03,2018-05-03T15:56:56.6198023Z,2015-05-19T14:31:56.5100000Z,2018-05-03T15:56:56.6198023Z,2015-05-19T14:31:56.5100000Z,2015-05-18,2,38044915.0,2018-03-09T22:02:59.0000000Z,2015-05-18T00:17:33.0000000Z,CHBTC,CHBTC,https://www.chbtc.com/
2018-05-03,2018-05-03T20:58:24.1943102Z,2017-03-18T22:53:47.5257032Z,2018-05-03T20:58:24.1943102Z,2017-03-18T22:53:47.5257032Z,2015-01-06,3560,19830603.0,2018-05-03T20:52:57.0000000Z,2015-01-06T19:51:51.0000000Z,YOBIT,YObit,https://yobit.net/en/
2018-05-05,2018-05-05T13:17:43.9473376Z,2017-11-29T01:10:28.2891461Z,2018-05-05T13:17:43.9473376Z,2017-11-29T01:10:28.2891461Z,2017-11-28,3,17752579.0,2018-05-05T13:17:34.0000000Z,2017-11-28T21:25:01.0000000Z,BITFLYER,bitFlyer,https://bitflyer.jp/
2018-05-05,2018-05-05T13:18:37.4110282Z,2017-12-28T21:48:26.7161574Z,2018-05-05T13:18:37.4110282Z,2017-12-28T21:48:26.7161574Z,2017-12-14,15,16031739.0,2018-05-05T13:17:54.0000000Z,2017-12-14T05:11:55.0000000Z,ZAIF,Zaif,https://zaif.jp/
2018-05-05,2018-05-05T13:16:36.0847752Z,2017-03-18T22:53:39.4192811Z,2018-05-05T13:16:36.0847752Z,2017-03-18T22:53:39.4192811Z,2013-09-03,4,14253548.0,2018-05-05T13:16:43.0480000Z,2013-09-03T06:31:37.0000000Z,KORBIT,Korbit,https://www.korbit.co.kr
2018-05-05,2018-05-05T13:21:18.8288812Z,2017-12-28T21:49:04.6063124Z,2018-05-05T13:21:18.8288812Z,2017-12-28T21:49:04.6063124Z,2017-12-28,284,11841720.0,2018-05-05T13:21:10.0000000Z,2017-12-28T17:33:30.0000000Z,GATEIO,Gate.io,https://gate.io/
2018-05-01,2018-05-01T02:11:44.1700075Z,2017-03-18T22:53:36.0065489Z,2018-05-01T02:11:44.1700075Z,2017-03-18T22:53:36.0065489Z,2014-12-31,25,11700374.0,2017-09-07T12:19:20.0000000Z,2014-12-31T12:12:00.0000000Z,JUBI,Jubi,https://www.jubi.com
2018-01-09,2018-01-09T00:02:43.5604799Z,2017-03-18T22:53:45.3558927Z,2018-01-09T00:02:43.5604799Z,2017-03-18T22:53:45.3558927Z,2017-03-16,50,10737203.0,2017-10-31T03:58:21.0000000Z,2017-03-16T13:30:42.0000000Z,BTC38,BTC38,http://www.btc38.com
2014-02-25,,,,,2010-07-17,15,10050212.0,2014-02-25T01:59:06.0000000Z,2010-07-17T23:09:17.0000000Z,MTGOX,mtgox,https://www.mtgox.com/
2018-05-05,2018-05-05T13:19:33.4382151Z,2017-12-24T13:03:42.9064646Z,2018-05-05T13:19:33.4382151Z,2017-12-24T13:03:42.9064646Z,2017-12-24,41,9650084.0,2018-05-05T13:19:09.0000000Z,2017-12-24T06:47:19.0000000Z,WEXNZ,WexNz,https://wex.nz/
2018-05-05,2018-05-05T13:22:13.5550000Z,2018-01-24T00:22:08.7776711Z,2018-05-05T13:22:13.5550000Z,2018-01-24T00:22:08.7776711Z,2018-01-24,323,8747534.0,2018-05-05T13:20:53.0000000Z,2018-01-24T15:12:15.0000000Z,KUCOIN,Kucoin,https://kucoin.com/
2018-05-05,2018-05-05T13:16:00.3762876Z,2017-03-18T22:53:40.7300076Z,2018-05-05T13:16:00.3762876Z,2017-03-18T22:53:40.7300076Z,2014-03-01,10,8318865.0,2017-09-07T12:18:53.0000000Z,2014-03-01T12:01:39.0000000Z,LAKEBTC,LakeBTC,https://www.lakebtc.com/
2018-05-05,2018-05-05T13:17:55.1782273Z,2017-03-14T20:04:25.7449674Z,2018-05-05T13:17:55.1782273Z,2017-03-14T20:04:25.7449674Z,2017-02-16,199,7730767.0,2018-05-05T13:16:48.0000000Z,2017-02-16T20:09:59.0000000Z,BLEUTRADE,Bleutrade,https://bleutrade.com
2018-05-05,2018-05-05T13:20:04.1548757Z,2018-01-05T15:56:05.6259966Z,2018-05-05T13:20:04.1548757Z,2018-01-05T15:56:05.6259966Z,2018-01-05,21,6306826.0,2018-05-05T13:19:50.0000000Z,2018-01-05T15:51:29.0000000Z,BITCOINID,Indodax,https://indodax.com/
2018-05-05,2018-05-05T13:20:18.4870263Z,2017-08-29T15:53:54.7372595Z,2018-05-05T13:20:18.4870263Z,2017-08-29T15:53:54.7372595Z,2017-05-22,103,6119590.0,2018-05-05T13:18:37.0000000Z,2017-05-22T18:21:41.0000000Z,QUOINE,QRYPTOS,https://www.qryptos.com/
2018-05-05,2018-05-05T13:19:23.5559652Z,2017-09-21T13:50:21.9301963Z,2018-05-05T13:19:23.5559652Z,2017-09-21T13:50:21.9301963Z,2017-09-13,12,5007638.0,2018-05-05T13:19:05.0000000Z,2017-09-13T10:58:32.0000000Z,ACX,ACX,https://acx.io/
2018-05-05,2018-05-05T13:20:57.2365657Z,2017-12-28T21:49:03.2916366Z,2018-05-05T13:20:57.2365657Z,2017-12-28T21:49:03.2916366Z,2017-02-15,233,4496594.0,2018-05-05T13:19:13.0000000Z,2017-02-15T11:28:37.0000000Z,TIDEX,Tidex,https://tidex.com/
2018-05-05,2018-05-05T13:21:55.0105205Z,2017-08-29T15:47:12.6045423Z,2018-05-05T13:21:55.0105205Z,2017-08-29T15:47:12.6045423Z,2017-08-29,9,4424601.0,2018-05-05T13:21:38.0000000Z,2017-08-29T03:39:38.0000000Z,BITSO,Bitso,https://bitso.com/
2018-05-05,2018-05-05T13:21:33.1545385Z,2017-12-28T21:41:59.3272652Z,2018-05-05T13:21:33.1545385Z,2017-12-28T21:41:59.3272652Z,2017-12-28,484,4012989.0,2018-05-05T13:16:50.0000000Z,2017-12-28T20:44:07.0000000Z,LIVECOIN,LiveCoin,https://www.livecoin.net/
2018-05-05,2018-05-05T13:20:01.9400000Z,2018-01-24T00:21:38.5122245Z,2018-05-05T13:20:01.9400000Z,2018-01-24T00:21:38.5122245Z,2018-01-19,6,3917307.0,2018-05-05T13:19:57.0000000Z,2018-01-19T02:29:23.0000000Z,MIXCOINS,MixCoins,https://mixcoins.com/
2018-05-05,2018-05-05T13:15:02.3526852Z,2017-03-14T20:04:16.0302851Z,2018-05-05T13:15:02.3526852Z,2017-03-14T20:04:16.0302851Z,2011-04-27,9,3230258.0,2018-05-05T13:10:26.0000000Z,2011-04-27T16:05:09.0000000Z,VIRWOX,BirWoX,https://www.virwox.com/
2018-03-09,2018-03-09T23:36:52.2702686Z,2017-01-08T23:59:43.3338614Z,2018-03-09T23:36:52.2702686Z,2017-01-08T23:59:43.3338614Z,2017-01-08,179,3185746.0,2018-03-09T23:36:15.4470000Z,2017-01-09T00:21:54.0000000Z,BTER,Bter,https://bter.com/
2018-05-05,2018-05-05T13:15:12.7753344Z,2017-03-14T20:05:05.6101304Z,2018-05-05T13:15:12.7753344Z,2017-03-14T20:05:05.6101304Z,2017-03-07,2,2968942.0,2018-05-05T13:14:26.0000000Z,2017-03-07T18:04:01.0000000Z,MERCADOBITCOIN,Mercado Bitcoin,https://www.mercadobitcoin.com.br/
2018-05-05,2018-05-05T13:21:19.4320237Z,2018-01-24T00:21:46.8349102Z,2018-05-05T13:21:19.4320237Z,2018-01-24T00:21:46.8349102Z,2018-01-15,30,2880253.0,2018-05-05T13:20:02.0000000Z,2018-01-15T19:18:49.0000000Z,CEXIO,CEX.IO,https://cex.io/
2018-05-05,2018-05-05T13:16:10.0440311Z,2017-03-14T20:05:17.8425642Z,2018-05-05T13:16:10.0440311Z,2017-03-14T20:05:17.8425642Z,2011-11-09,18,2608311.0,2018-05-05T13:13:54.0000000Z,2011-11-09T14:33:28.0000000Z,THEROCKTRADING,The Rock Trading LTD.,https://www.therocktrading.com/
2018-05-05,2018-05-05T13:22:14.6410496Z,2017-03-14T20:03:37.1002962Z,2018-05-05T13:22:14.6410496Z,2017-03-14T20:03:37.1002962Z,2016-12-02,2064,2516791.0,2018-05-05T13:18:51.2780000Z,2016-12-02T05:15:13.4340000Z,DERIBIT,Deribit,https://www.deribit.com/
2018-05-05,2018-05-05T13:21:54.5000000Z,2018-01-24T00:21:42.1453690Z,2018-05-05T13:21:54.5000000Z,2018-01-24T00:21:42.1453690Z,2018-01-04,156,2264440.0,2018-05-05T13:21:39.0000000Z,2018-01-04T16:50:48.0000000Z,QRYPTOS,QRYPTOS,https://www.qryptos.com/
2018-05-01,2018-05-01T02:28:22.1801687Z,2017-03-14T20:03:12.2346102Z,2018-05-01T02:28:22.1801687Z,2017-03-14T20:03:12.2346102Z,2014-02-11,1004,2201848.0,2018-04-11T14:18:41.0000000Z,2014-02-11T19:40:58.0000000Z,CCEX,c-cex,https://c-cex.com
2018-05-05,2018-05-05T13:14:54.5760757Z,2017-03-14T20:05:08.1246185Z,2018-05-05T13:14:54.5760757Z,2017-03-14T20:05:08.1246185Z,2017-03-14,4,1990528.0,2018-05-05T13:14:19.0000000Z,2017-03-14T20:10:31.0000000Z,QUADRIGACX,QuadrigaCX,https://www.quadrigacx.com/
2018-05-05,2018-05-05T13:19:07.3645379Z,2017-12-18T21:44:18.7514464Z,2018-05-05T13:19:07.3645379Z,2017-12-18T21:44:18.7514464Z,2017-12-17,21,1961558.0,2018-05-05T13:18:38.0000000Z,2017-12-17T09:56:31.0000000Z,COINNEST,Coinnest,https://www.coinnest.co.kr/
2018-05-05,2018-05-05T13:17:42.9795156Z,2017-08-29T15:47:10.0528025Z,2018-05-05T13:17:42.9795156Z,2017-08-29T15:47:10.0528025Z,2011-04-05,4,1933936.0,2018-05-05T13:16:49.0000000Z,2011-04-05T18:49:48.0000000Z,BITMARKET,BitMarket,https://www.bitmarket.pl
2018-05-05,2018-05-05T13:18:04.4546923Z,2017-12-28T21:44:47.2651267Z,2018-05-05T13:18:04.4546923Z,2017-12-28T21:44:47.2651267Z,2017-12-28,4,1815744.0,2018-05-05T13:17:40.1570000Z,2017-12-28T14:19:44.8820000Z,LUNO,Luno,https://www.luno.com
2018-05-05,2018-05-05T13:19:22.1964221Z,2017-12-28T21:38:26.3015015Z,2018-05-05T13:19:22.1964221Z,2017-12-28T21:38:26.3015015Z,2017-12-25,11,1725574.0,2018-05-05T13:19:18.0000000Z,2017-12-25T10:18:54.0000000Z,BTCMARKETS,BTC Markets Pty Ltd.,https://www.btcmarkets.net/
2018-05-05,2018-05-05T13:19:43.7510000Z,2018-01-24T00:21:41.0728293Z,2018-05-05T13:19:43.7510000Z,2018-01-24T00:21:41.0728293Z,2018-01-24,1,1341300.0,2018-05-05T13:18:58.0000000Z,2018-01-24T23:24:33.0000000Z,BTCBOX,BtcBox,https://www.btcbox.co.jp/
2018-05-05,2018-05-05T13:15:23.0388108Z,2017-03-14T20:04:17.4937751Z,2018-05-05T13:15:23.0388108Z,2017-03-14T20:04:17.4937751Z,2017-03-14,9,1269830.0,2018-05-05T13:02:15.0000000Z,2017-03-14T22:00:23.0000000Z,GATECOIN,Gatecoin,https://gatecoin.com/
2018-04-26,2018-04-26T14:54:52.6421291Z,2017-03-18T22:53:45.5791610Z,2018-04-26T14:54:52.6421291Z,2017-03-18T22:53:45.5791610Z,2015-06-26,26,1029303.0,2018-04-26T21:52:18.0000000Z,2015-06-26T11:19:16.0000000Z,BXINTH,bx.in.th,https://bx.in.th/
2018-04-19,2018-04-19T11:38:23.3076990Z,2018-01-24T00:42:46.1912329Z,2018-04-19T11:38:23.3076990Z,2018-01-24T00:42:46.1912329Z,2017-06-19,50,882987.0,2018-04-19T11:36:46.4120000Z,2017-06-19T05:31:08.2600000Z,ALLCOIN,Allcoin,https://www.allcoin.com/
2018-05-05,2018-05-05T13:15:16.8821395Z,2017-03-14T20:04:13.3389084Z,2018-05-05T13:15:16.8821395Z,2017-03-14T20:04:13.3389084Z,2017-03-14,2,784940.0,2018-05-05T13:10:02.7730000Z,2017-03-14T20:04:43.2020000Z,COINMATE,Coin Mate,https://coinmate.io/
2018-05-05,2018-05-05T13:21:19.3500932Z,2017-12-24T13:03:38.2179565Z,2018-05-05T13:21:19.3500932Z,2017-12-24T13:03:38.2179565Z,2017-10-08,4,652089.0,2018-05-05T13:20:58.0000000Z,2017-10-08T01:12:04.0000000Z,BTCTURK,BTCTurk,https://www.btcturk.com/
2018-05-05,2018-05-05T13:21:37.8773806Z,2017-09-21T13:39:33.4870179Z,2018-05-05T13:21:37.8773806Z,2017-09-21T13:39:33.4870179Z,2017-09-16,12,643603.0,2018-05-05T13:17:39.0000000Z,2017-09-16T00:53:48.0000000Z,INDEPENDENTRESERVE,Independent Reserve,https://www.independentreserve.com/
2018-05-05,2018-05-05T13:17:00.6545522Z,2017-09-21T13:36:24.9479094Z,2018-05-05T13:17:00.6545522Z,2017-09-21T13:36:24.9479094Z,2017-09-19,4,539189.0,2018-05-05T13:12:59.0000000Z,2017-09-19T11:20:44.0000000Z,COINFLOOR,coinfloor,https://www.coinfloor.co.uk/
2018-05-05,2018-05-05T13:17:41.1449065Z,2017-08-29T15:50:33.5497414Z,2018-05-05T13:17:41.1449065Z,2017-08-29T15:50:33.5497414Z,2017-06-07,23,514962.0,2018-05-05T13:16:45.0000000Z,2017-06-07T04:46:35.0000000Z,DSX,DSX,https://dsx.uk
2018-05-05,2018-05-05T13:20:47.5821476Z,2017-12-28T21:34:28.8285993Z,2018-05-05T13:20:47.5821476Z,2017-12-28T21:34:28.8285993Z,2017-12-27,66,470161.0,2018-05-05T13:18:30.0000000Z,2017-12-27T12:49:47.0000000Z,ABUCOINS,Abucoins,https://abucoins.com/
2018-05-05,2018-05-05T13:21:45.7120000Z,2018-01-24T00:21:32.6002443Z,2018-05-05T13:21:45.7120000Z,2018-01-24T00:21:32.6002443Z,2017-11-29,160,332795.0,2018-05-05T13:19:20.0000000Z,2017-11-29T02:55:41.0000000Z,SOUTHXCHANGE,SouthXchange,https://www.southxchange.com/
2018-05-05,2018-05-05T13:19:51.1881717Z,2018-01-24T00:21:29.5498424Z,2018-05-05T13:19:51.1881717Z,2018-01-24T00:21:29.5498424Z,2018-01-24,17,296644.0,2018-05-05T13:17:41.0000000Z,2018-01-24T18:46:55.0000000Z,BTCTRADEUA,BTC Trade UA,https://btc-trade.com.ua/
2017-10-13,2017-10-13T11:04:34.3376757Z,2017-03-14T20:03:53.7061506Z,2017-10-13T11:04:34.3376757Z,2017-03-14T20:03:53.7061506Z,2016-03-27,2,204837.0,2017-10-13T10:45:09.0000000Z,2016-03-27T23:17:37.0000000Z,BTCX,bt.cx,https://bt.cx/en/
2018-05-05,2018-05-05T13:20:04.1426789Z,2018-01-24T00:21:49.7672137Z,2018-05-05T13:20:04.1426789Z,2018-01-24T00:21:49.7672137Z,2018-01-16,11,175927.0,2018-05-05T19:19:31.0000000Z,2018-01-16T08:05:06.0000000Z,KUNA,Kuna,https://kuna.io/
2018-05-05,2018-05-05T13:21:22.6300000Z,2018-01-24T00:21:43.7267644Z,2018-05-05T13:21:22.6300000Z,2018-01-24T00:21:43.7267644Z,2017-12-26,42,105257.0,2018-05-05T13:20:21.7710000Z,2017-12-26T11:45:54.9730000Z,BRAZILIEX,Braziliex,https://braziliex.com/
2018-04-09,2018-04-09T06:39:22.7580000Z,2018-01-24T00:21:35.8644461Z,2018-04-09T06:39:22.7580000Z,2018-01-24T00:21:35.8644461Z,2013-01-07,2,93930.0,2018-02-27T04:44:43.0000000Z,2013-01-07T06:17:04.0000000Z,FYBSG,FYB-SG,https://www.fybsg.com/
2018-03-09,2018-03-09T23:30:06.7432183Z,2017-03-14T20:04:56.4842821Z,2018-03-09T23:30:06.7432183Z,2017-03-14T20:04:56.4842821Z,2013-09-28,22,81930.0,2017-08-18T16:48:12.0000000Z,2013-09-28T22:40:50.0000000Z,YUNBI,YUNBI,https://yunbi.com/
2018-05-05,2018-05-05T13:17:39.3091555Z,2017-08-29T15:47:11.5174742Z,2018-05-05T13:17:39.3091555Z,2017-08-29T15:47:11.5174742Z,2017-08-26,2,57871.0,2018-05-05T13:13:41.0000000Z,2017-08-26T12:22:43.0000000Z,BITKONAN,BitKonan,https://bitkonan.com/
2018-04-09,2018-04-09T08:05:51.3851943Z,2018-01-24T00:21:52.7701638Z,2018-04-09T08:05:51.3851943Z,2018-01-24T00:21:52.7701638Z,2013-07-15,1,21655.0,2018-02-26T14:50:15.0000000Z,2013-07-15T20:40:11.0000000Z,FYBSE,FYB-SE,https://www.fybse.se/
2018-05-05,2018-05-05T12:29:45.6833307Z,2017-09-21T13:35:08.7798904Z,2018-05-05T12:29:45.6833307Z,2017-09-21T13:35:08.7798904Z,2017-09-20,1,18792.0,2018-05-05T11:43:07.8930000Z,2017-09-20T12:51:00.5840000Z,BTCC,BTCC,https://www.btcc.com/
2018-05-05,2018-05-05T13:19:46.6800000Z,2018-01-24T00:21:48.4137019Z,2018-05-05T13:19:46.6800000Z,2018-01-24T00:21:48.4137019Z,2017-09-10,14,17988.0,2018-05-05T10:37:22.0000000Z,2017-09-10T07:59:21.0000000Z,COINGI,Coingi,https://coingi.com/
2018-05-05,2018-05-05T13:12:55.7630000Z,2018-01-24T00:42:37.6443449Z,2018-05-05T13:12:55.7630000Z,2018-01-24T00:42:37.6443449Z,2018-01-23,29,16230.0,2018-04-26T19:05:49.0000000Z,2018-01-23T09:58:13.0000000Z,1BTCXE,1Btcxe,https://1btcxe.com/
2018-05-05,2018-05-05T13:07:15.8630000Z,2018-01-24T00:24:54.6812361Z,2018-05-05T13:07:15.8630000Z,2018-01-24T00:24:54.6812361Z,2017-01-14,112,12935.0,2018-05-04T14:15:49.0000000Z,2017-01-14T17:43:31.0000000Z,NOVA,Novaexchange,https://novaexchange.com/
2018-05-05,2018-05-05T13:19:57.6324888Z,2018-01-24T00:21:31.1076466Z,2018-05-05T13:19:57.6324888Z,2018-01-24T00:21:31.1076466Z,2017-10-12,30,12554.0,2018-05-05T12:59:32.7300000Z,2017-10-12T18:00:10.7250000Z,BITLISH,Bitlish,https://bitlish.com/
2018-04-10,2018-04-10T05:55:15.8720000Z,2018-01-24T00:21:45.2925018Z,2018-04-10T05:55:15.8720000Z,2018-01-24T00:21:45.2925018Z,2018-01-24,1,9861.0,2018-04-10T03:54:07.4020000Z,2018-01-24T18:15:31.9200000Z,COINSECURE,Coinsecure,https://coinsecure.in/
2018-05-05,2018-05-05T13:21:40.2257703Z,2017-08-29T15:47:11.6744609Z,2018-05-05T13:21:40.2257703Z,2017-08-29T15:47:11.6744609Z,2014-03-29,37,2249.0,2018-03-15T15:25:03.0000000Z,2014-03-29T12:09:48.0000000Z,BITBAY,BitBay,https://www.bitbay.net/
2018-05-05,2018-05-05T13:14:37.1337640Z,2017-03-14T20:05:05.6371921Z,2018-05-05T13:14:37.1337640Z,2017-03-14T20:05:05.6371921Z,2015-09-09,1,500.0,2015-11-23T06:07:39.0000000Z,2015-09-09T03:09:55.0000000Z,VBTC,VBTC.VN,https://vbtc.vn/
2018-05-05,2018-05-05T08:25:48.1725793Z,2017-03-18T22:49:13.7742129Z,2018-05-05T08:25:48.1725793Z,2017-03-18T22:49:13.7742129Z,2017-03-18,105,,,,XBTCE,xBTCe,https://www.xbtce.com
2018-05-05,2018-05-05T13:22:03.6560000Z,2018-01-24T00:22:13.1677847Z,2018-05-05T13:22:03.6560000Z,2018-01-24T00:22:13.1677847Z,2018-01-24,571,,,,COINEXCHANGE,CoinExchange,https://www.coinexchange.io/
2018-05-05,2018-05-05T13:19:59.2731244Z,2018-01-24T00:42:31.5662178Z,2018-05-05T13:19:59.2731244Z,2018-01-24T00:42:31.5662178Z,2018-01-24,13,,,,ANXPRO,ANXPro,https://anxpro.com/
2018-05-05,2018-05-05T13:21:32.1207573Z,2018-01-24T00:21:43.8180000Z,2018-05-05T13:21:32.1207573Z,2018-01-24T00:21:43.8180000Z,2018-01-24,170,,,,LYKKE,Lykke,https://www.lykke.com/
