date_t,order,symbol,size,price,fillprice,slippage,slippage_percent,provider,protocol
"2018-03-12 21:57:21.6380",13517710,USDCHF,100000,0.94766,0.94572,0.0019399999999999418,0.0020471477112043793,divisa_nz_j_2,hotspot
"2018-03-05 07:18:00.3880",13314508,EURUSD,100000,1.22766,1.22742,0.00024000000000001798,0.000195493866379957,divisa_nz_j_2,hotspot
"2018-02-28 09:58:26.1560",13258197,EURUSD,100000,1.22215,1.22196,0.0001900000000001345,0.00015546373194790696,divisa_nz_j_2,hotspot
"2018-03-08 13:50:01.0020",13381757,EURUSD,100000,1.23935,1.23925,0.00009999999999998899,0.00008068745713477952,divisa_nz_j_2,hotspot
"2018-03-01 19:30:00.4390",13291250,EURUSD,100000,1.22264,1.22273,-0.00009000000000014552,0.00007361120198925728,divisa_nz_j_2,hotspot
"2018-02-27 15:31:00.1470",13244458,EURUSD,90000,1.22638,1.22647,-0.00008999999999992347,0.00007338671537363906,divisa_nz_j_2,hotspot
"2018-03-02 05:31:08.9340",13295995,EURUSD,100000,1.22756,1.22765,-0.00008999999999992347,0.00007331617191821457,divisa_nz_j_2,hotspot
"2018-02-26 14:04:09.2510",13224390,EURUSD,100000,1.23052,1.23061,-0.00008999999999992347,0.00007313981081162717,divisa_nz_j_2,hotspot
"2018-03-01 14:30:00.1560",13283244,EURUSD,100000,1.21767,1.21774,-0.0000700000000000145,0.00005748683961994177,divisa_nz_j_2,hotspot
"2018-02-28 06:13:00.4320",13254602,EURUSD,100000,1.22219,1.22212,0.0000700000000000145,0.000057274237229902464,divisa_nz_j_2,hotspot
"2018-02-28 09:57:12.4840",13258180,EURUSD,100000,1.2222,1.22213,0.0000700000000000145,0.000057273768613986665,divisa_nz_j_2,hotspot
"2018-03-02 07:42:22.5400",13298284,EURUSD,100000,1.2253,1.22537,-0.0000700000000000145,0.000057128866400077115,divisa_nz_j_2,hotspot
"2018-02-27 14:44:00.5290",13242676,EURUSD,100000,1.22898,1.22891,0.0000700000000000145,0.000056957802405258425,divisa_nz_j_2,hotspot
"2018-02-26 16:00:00.1070",13227246,EURUSD,10000,1.22903,1.22896,0.0000700000000000145,0.000056955485220063374,divisa_nz_j_2,hotspot
"2018-03-05 10:27:15.2510",13318326,EURUSD,100000,1.23283,1.23276,0.0000700000000000145,0.00005677992910621456,divisa_nz_j_2,hotspot
"2018-03-08 22:09:51.3340",13390915,GBPUSD,100000,1.3813,1.38123,0.0000700000000000145,0.00005067689857381778,divisa_nz_j_2,hotspot
"2018-03-06 11:30:21.2920",13335720,EURUSD,100000,1.23844,1.23838,0.00005999999999994898,0.0000484480475436428,divisa_nz_j_2,hotspot
"2018-03-07 14:00:00.1510",13362673,EURUSD,100000,1.24147,1.24141,0.00006000000000017103,0.00004832980257289425,divisa_nz_j_2,hotspot
"2018-03-16 15:59:41.0380",13604155,USDJPY,100000,106.088,106.092,-0.0040000000000048885,0.00003770454716843459,divisa_nz_j,fastmatch
"2017-08-15 19:02:47.1580",9563530,USDJPY,3000,110.573,110.577,-0.0040000000000048885,0.000036175196476580074,divisa_m,mahi
"2018-03-07 06:17:07.0860",13355589,GBPUSD,100000,1.3893,1.38925,0.00004999999999988347,0.00003598934715315876,divisa_nz_j,fxcm_fm
"2018-03-01 12:54:00.1770",13281010,EURUSD,100000,1.21711,1.21715,-0.000040000000000040004,0.00003286473695889444,divisa_nz_j_2,hotspot
"2018-03-01 14:37:00.4370",13283472,EURUSD,100000,1.21756,1.2176,-0.000040000000000040004,0.000032852590426788,divisa_nz_j_2,hotspot
"2018-03-01 12:19:22.5300",13279876,EURUSD,100000,1.21792,1.21796,-0.000040000000000040004,0.00003284287966372176,divisa_nz_j_2,hotspot
"2018-03-16 13:36:00.4870",13600987,EURJPY,100000,130.18,130.184,-0.003999999999990678,0.000030726686126829604,divisa_nz_j,fastmatch
"2018-03-07 09:43:35.2070",13358667,GBPUSD,100000,1.3863,1.38626,0.000040000000000040004,0.000028853783452384046,divisa_nz_j_2,hotspot
"2018-03-16 15:10:40.0200",13603271,USDJPY,100000,106.081,106.084,-0.0030000000000001137,0.000028280276392569016,divisa_nz_j_2,hotspot
"2018-03-16 16:32:00.9300",13604568,USDJPY,100000,106.093,106.096,-0.0030000000000001137,0.000028277077658282014,divisa_nz_j,fastmatch
"2018-03-13 14:17:00.2770",13535702,USDJPY,100000,106.987,106.99,-0.0030000000000001137,0.000028040790002524734,divisa_nz_j,fastmatch
"2018-03-09 15:45:22.6480",13411535,USDJPY,100000,107.027,107.024,0.0030000000000001137,0.000028030310108665232,divisa_nz_j,fxcm_fm
"2018-03-16 13:18:00.5420",13600639,EURCHF,100000,1.17002,1.17005,-0.00002999999999997449,0.00002564058734036554,divisa_nz_j,fastmatch
"2018-03-16 17:25:04.6290",13605137,EURCHF,100000,1.17119,1.17116,0.00002999999999997449,0.000025614972805415425,divisa_nz_j_2,hotspot
"2017-08-15 15:28:11.1970",9560945,AUDUSD,1000,0.78205,0.78207,-0.000020000000000020002,0.000025573812416111503,divisauk_1,primexm_fix44
"2017-08-15 19:02:47.1410",9563524,EURUSD,5000,1.17331,1.17334,-0.00002999999999997449,0.000025568690286432818,divisauk_4,primexm_fix44
"2017-08-15 15:53:05.3940",9561328,AUDUSD,3000,0.78231,0.78233,-0.000020000000000020002,0.000025565312983369768,divisauk_1,primexm_fix44
"2018-03-01 18:26:57.3000",13289716,EURUSD,30000,1.21979,1.21976,0.00002999999999997449,0.00002459439739625222,divisa_nz_j_2,hotspot
"2018-02-28 01:13:46.8620",13252633,EURUSD,100000,1.2234,1.22337,0.00002999999999997449,0.000024521824423716274,divisa_nz_j_2,hotspot
"2018-02-27 15:28:00.2930",13244400,EURUSD,100000,1.22682,1.22679,0.00002999999999997449,0.000024453465055977643,divisa_nz_j_2,hotspot
"2018-03-05 06:32:24.4160",13313639,EURUSD,100000,1.23079,1.23082,-0.00002999999999997449,0.00002437458867879532,divisa_nz_j_2,hotspot
"2017-08-15 17:19:27.3470",9562664,GBPUSD,1000,1.28711,1.28714,-0.00002999999999997449,0.0000233080311705872,divisauk_1,primexm_fix44
"2018-03-13 00:12:32.8490",13518236,EURGBP,100000,0.88721,0.88723,-0.00001999999999990898,0.0000225425772927593,divisa_nz_j,fastmatch
"2018-03-07 17:35:02.7300",13367646,GBPUSD,100000,1.38793,1.38796,-0.00002999999999997449,0.000021614922942781327,divisa_nz_j,fxcm_fm
"2018-03-07 00:32:46.0420",13349075,GBPUSD,100000,1.39015,1.39012,0.00002999999999997449,0.00002158040499224867,divisa_nz_j_2,hotspot
"2017-08-15 15:26:55.4850",9560923,USDCHF,1000,0.9734,0.97342,-0.00001999999999990898,0.00002054653790826893,divisauk_1,primexm_fix44
"2017-08-15 15:00:23.8130",9560207,AUDCAD,1000,0.99748,0.99746,0.000020000000000020002,0.0000200505273288888,divisa_m,mahi
"2018-03-13 02:47:08.5800",13518774,USDJPY,100000,106.405,106.403,0.001999999999995339,0.000018796109205350676,divisa_nz_j,fastmatch
"2018-03-13 09:00:00.2020",13523858,USDJPY,100000,106.924,106.922,0.0020000000000095497,0.00001870487449038148,divisa_nz_j,fastmatch
"2018-03-09 13:43:00.5530",13405338,USDJPY,100000,106.967,106.969,-0.001999999999995339,0.000018697355259055024,divisa_nz_j,fxcm_fm
"2017-08-17 16:43:03.1290",9620921,USDJPY,11000,109.828,109.83,-0.001999999999995339,0.00001821029245725442,divisauk_1,primexm_fix44
"2017-11-03 12:38:35.4960",10657438,EURUSD,10000,1.16727,1.16725,0.000020000000000131024,0.000017133996419106998,divisauk_1,primexm_fix44
"2018-03-13 01:51:47.0730",13518609,EURCHF,100000,1.16867,1.16869,-0.00001999999999990898,0.000017113470868516328,divisa_nz_j,fastmatch
"2018-03-16 16:49:00.4120",13604816,EURCHF,100000,1.171,1.17102,-0.00001999999999990898,0.00001707941929966608,divisa_nz_j,fastmatch
"2017-08-17 16:43:03.1190",9620915,EURUSD,150000,1.17448,1.17446,0.00001999999999990898,0.00001702881275109749,divisauk_1,primexm_fix44
"2018-03-01 12:55:00.1970",13281020,EURUSD,100000,1.21713,1.21715,-0.00001999999999990898,0.000016432098461059196,divisa_nz_j_2,hotspot
"2018-03-01 00:26:34.4690",13272517,EURUSD,100000,1.21845,1.21847,-0.00001999999999990898,0.000016414296852483877,divisa_nz_j_2,hotspot
"2018-03-01 00:29:00.4460",13272575,EURUSD,100000,1.21848,1.21846,0.00001999999999990898,0.00001641389271872249,divisa_nz_j_2,hotspot
"2018-03-01 00:33:37.6400",13272652,EURUSD,10000,1.2185,1.21852,-0.000020000000000131024,0.000016413623307452625,divisa_nz_j_2,hotspot
"2018-02-28 18:18:26.8790",13269608,EURUSD,100000,1.22057,1.22055,0.00001999999999990898,0.000016385786968309054,divisa_nz_j_2,hotspot
"2018-02-28 18:15:26.1010",13269583,EURUSD,100000,1.22058,1.22056,0.00001999999999990898,0.000016385652722401627,divisa_nz_j_2,hotspot
"2018-02-28 16:37:00.1840",13268198,EURUSD,10000,1.2216,1.22162,-0.00001999999999990898,0.000016371971185256205,divisa_nz_j_2,hotspot
"2018-02-27 17:43:17.3140",13248902,EURUSD,100000,1.22391,1.22393,-0.00001999999999990898,0.000016341070830297145,divisa_nz_j_2,hotspot
"2018-01-17 16:21:55.8540",12350969,EURUSD,1000,1.22405,1.22403,0.000020000000000131024,0.000016339201830097645,divisauk_1,primexm_fix44
"2018-03-16 18:28:12.0070",13605573,EURUSD,100000,1.22885,1.22883,0.00001999999999990898,0.000016275379419708653,divisa_nz_j_2,hotspot
"2018-03-16 18:15:00.2890",13605529,EURUSD,100000,1.22906,1.22908,-0.00001999999999990898,0.000016272598571191788,divisa_nz_j_2,hotspot
"2018-03-12 12:55:42.5560",13511751,EURUSD,100000,1.22973,1.22971,0.00001999999999990898,0.000016263732689215502,divisa_nz_j,fastmatch
"2018-02-26 13:59:36.0450",13224233,EURUSD,100000,1.23053,1.23055,-0.000020000000000131024,0.0000162531592079275,divisa_nz_j_2,hotspot
"2018-03-09 08:38:24.9620",13396434,EURUSD,100000,1.23055,1.23053,0.000020000000000131024,0.00001625289504703671,divisa_nz_j_2,hotspot
"2018-03-05 06:18:00.3730",13313516,EURUSD,100000,1.23126,1.23124,0.000020000000000131024,0.000016243522895351936,divisa_nz_j_2,hotspot
"2018-03-05 05:30:28.7690",13313318,EURUSD,100000,1.23201,1.23203,-0.00001999999999990898,0.00001623363446717882,divisa_nz_j_2,hotspot
"2018-03-12 18:10:23.3280",13516537,EURUSD,100000,1.233,1.23298,0.000020000000000131024,0.000016220600162312263,divisa_nz_j,fastmatch
"2018-03-08 13:55:00.5260",13381933,EURUSD,100000,1.23972,1.2397,0.00001999999999990898,0.000016132675120115012,divisa_nz_j_2,hotspot
"2018-03-09 08:30:00.2380",13396320,GBPUSD,100000,1.38149,1.38151,-0.00001999999999990898,0.000014477122527060621,divisa_nz_j,fxcm_fm
"2018-03-09 08:38:12.6840",13396433,GBPUSD,100000,1.3815,1.38148,0.00001999999999990898,0.00001447701773428084,divisa_nz_j,fxcm_fm
"2018-03-09 13:31:31.1400",13403836,GBPUSD,100000,1.3818,1.38178,0.00001999999999990898,0.000014473874656179607,divisa_nz_j_2,hotspot
"2018-03-07 18:28:57.9330",13368025,GBPUSD,100000,1.3892,1.38918,0.00001999999999990898,0.000014396775122307069,divisa_nz_j_2,hotspot
"2018-03-16 13:09:53.5120",13600355,GBPUSD,100000,1.39355,1.39357,-0.00001999999999990898,0.000014351835240866119,divisa_nz_j_2,hotspot
"2017-08-15 19:02:47.1560",9563528,NZDUSD,2000,0.7238,0.72379,0.00000999999999995449,0.000013815971262716896,divisa_m,mahi
"2017-08-15 15:35:26.9470",9561050,NZDUSD,1000,0.72384,0.72383,0.000010000000000065512,0.000013815207780815527,divisauk_1,primexm_fix44
"2017-08-15 15:53:05.3950",9561329,NZDUSD,2000,0.7241,0.72411,-0.000010000000000065512,0.000013810247203515416,divisauk_1,primexm_fix44
"2017-08-15 15:39:17.6850",9561099,AUDUSD,1000,0.78175,0.78176,-0.000010000000000065512,0.000012791813239610505,divisauk_1,primexm_fix44
"2017-08-17 16:43:03.1240",9620918,AUDUSD,17000,0.7916,0.79161,-0.000010000000000065512,0.000012632642748945822,divisauk_1,primexm_fix44
"2018-03-13 12:45:00.5970",13531208,EURGBP,100000,0.88681,0.8868,0.00000999999999995449,0.00001127637261640542,divisa_nz_j,fastmatch
"2017-08-17 16:39:49.5390",9620897,USDCHF,45000,0.9627,0.96271,-0.00000999999999995449,0.00001038745195798742,divisauk_1,primexm_fix44
"2017-08-15 15:28:11.1940",9560944,USDCHF,1000,0.97351,0.97352,-0.000010000000000065512,0.000010272108144821842,divisauk_1,primexm_fix44
"2018-03-16 18:10:13.8640",13605476,USDJPY,100000,106.083,106.084,-0.0010000000000047748,0.000009426581073355532,divisa_nz_j,fastmatch
"2018-03-16 16:03:00.2350",13604213,USDJPY,100000,106.094,106.093,0.000999999999990564,0.00000942560370982868,divisa_nz_j_2,hotspot
"2018-03-16 17:48:20.4600",13605357,USDJPY,100000,106.097,106.096,0.000999999999990564,0.000009425337191349087,divisa_nz_j_2,hotspot
"2018-03-12 20:02:05.1700",13517293,USDJPY,100000,106.368,106.367,0.000999999999990564,0.000009401323706289147,divisa_nz_j,fastmatch
"2018-03-12 08:46:00.4150",13508925,USDJPY,100000,106.499,106.498,0.000999999999990564,0.00000938975952816988,divisa_nz_j_2,hotspot
"2018-03-12 06:00:09.9590",13490562,USDJPY,100000,106.633,106.632,0.000999999999990564,0.000009377959918510817,divisa_nz_j_2,hotspot
"2018-03-12 06:00:09.9590",13490562,USDJPY,100000,106.633,106.632,0.000999999999990564,0.000009377959918510817,divisa_nz_j_2,hotspot
"2018-03-13 12:48:00.1780",13531748,USDJPY,100000,106.807,106.806,0.0010000000000047748,0.000009362682221247435,divisa_nz_j_2,hotspot
"2018-03-13 14:20:00.5720",13536290,USDJPY,100000,107.081,107.082,-0.000999999999990564,0.00000933872489041533,divisa_nz_j_2,hotspot
"2017-08-15 15:28:11.2020",9560948,USDJPY,1000,110.489,110.488,0.0010000000000047748,0.000009050674727844173,divisauk_1,primexm_fix44
"2018-03-16 11:46:00.2460",13599012,EURCHF,100000,1.17075,1.17076,-0.000010000000000065512,0.000008541533205266293,divisa_nz_j_2,hotspot
"2018-03-16 11:46:00.2460",13599012,EURCHF,100000,1.17075,1.17076,-0.000010000000000065512,0.000008541533205266293,divisa_nz_j_2,hotspot
"2018-03-16 16:10:00.9610",13604339,EURCHF,100000,1.17095,1.17094,0.000009999999999843467,0.000008540074298512719,divisa_nz_j,fastmatch
"2018-03-16 15:40:00.2850",13603752,EURCHF,100000,1.17113,1.17114,-0.000010000000000065512,0.000008538761708832932,divisa_nz_j,fastmatch
"2018-03-16 15:40:00.2850",13603752,EURCHF,100000,1.17113,1.17114,-0.000010000000000065512,0.000008538761708832932,divisa_nz_j,fastmatch
"2017-08-15 15:26:55.4660",9560921,EURUSD,1000,1.17267,1.17266,0.000010000000000065512,0.000008527548244660058,divisauk_1,primexm_fix44
"2017-08-15 15:42:46.8640",9561146,EURUSD,1000,1.1731,1.17311,-0.000010000000000065512,0.000008524422470433477,divisauk_1,primexm_fix44
"2018-03-01 13:07:00.4460",13281204,EURUSD,100000,1.21647,1.21646,0.000009999999999843467,0.000008220506876325325,divisa_nz_j_2,hotspot
"2018-03-01 12:21:22.8430",13279963,EURUSD,100000,1.21761,1.2176,0.000010000000000065512,0.000008212810341624586,divisa_nz_j_2,hotspot
"2018-02-28 23:24:00.0860",13272016,EURUSD,10000,1.21919,1.21918,0.000010000000000065512,0.000008202167012578443,divisa_nz_j_2,hotspot
"2018-03-01 08:11:00.5200",13276191,EURUSD,100000,1.2196,1.21959,0.000010000000000065512,0.000008199409642559456,divisa_nz_j_2,hotspot
"2018-02-28 16:30:33.5440",13268029,EURUSD,10000,1.22108,1.22107,0.000009999999999843467,0.00000818947161516319,divisa_nz_j_2,hotspot
"2018-02-28 10:01:42.2340",13258262,EURUSD,100000,1.2222,1.22219,0.000009999999999843467,0.00000818196694472547,divisa_nz_j_2,hotspot
"2018-02-27 15:32:00.2940",13244508,EURUSD,10000,1.22582,1.22583,-0.000010000000000065512,0.000008157804571687126,divisa_nz_j_2,hotspot
"2018-03-01 20:11:00.4460",13292676,EURUSD,18000,1.22624,1.22625,-0.000010000000000065512,0.000008155010438466786,divisa_nz_j_2,hotspot
"2018-03-02 06:29:37.9220",13296805,EURUSD,100000,1.22676,1.22675,0.000010000000000065512,0.00000815155368618598,divisa_nz_j_2,hotspot
"2018-03-16 18:33:57.6300",13605653,EURUSD,100000,1.22867,1.22868,-0.000010000000000065512,0.00000813888188046059,divisa_nz_j_2,hotspot
"2018-03-16 18:12:00.3380",13605505,EURUSD,100000,1.22917,1.22916,0.000010000000000065512,0.000008135571157826429,divisa_nz_j_2,hotspot
"2018-02-27 13:15:52.1100",13238497,EURUSD,100000,1.23015,1.23016,-0.000009999999999843467,0.000008129089948253032,divisa_nz_j_2,hotspot
"2018-03-02 12:55:59.5340",13303785,EURUSD,100000,1.23129,1.2313,-0.000010000000000065512,0.000008121563563470436,divisa_nz_j_2,hotspot
"2018-03-05 04:18:00.4220",13313147,EURUSD,100000,1.23237,1.23236,0.000010000000000065512,0.000008114446148531295,divisa_nz_j_2,hotspot
"2018-03-13 05:14:47.0850",13519887,EURUSD,100000,1.23281,1.23282,-0.000010000000000065512,0.000008111550036149539,divisa_nz_j_2,hotspot
"2018-03-05 19:25:23.7230",13326863,EURUSD,100000,1.23332,1.23333,-0.000010000000000065512,0.000008108195764331652,divisa_nz_j_2,hotspot
"2018-03-13 10:47:00.5150",13526293,EURUSD,100000,1.23406,1.23407,-0.000010000000000065512,0.000008103333711541993,divisa_nz_j_2,hotspot
"2018-03-06 05:42:00.4400",13330184,EURUSD,100000,1.23486,1.23485,0.000010000000000065512,0.00000809808399338023,divisa_nz_j_2,hotspot
"2018-03-07 18:24:16.4290",13367991,EURUSD,100000,1.24039,1.2404,-0.000009999999999843467,0.000008061980506004938,divisa_nz_j_2,hotspot
"2018-03-07 23:54:25.6410",13370176,EURUSD,100000,1.24144,1.24143,0.000010000000000065512,0.000008055161747700664,divisa_nz_j,fxcm_fm
"2017-08-15 17:19:27.3570",9562668,USDCAD,1000,1.27484,1.27483,0.000010000000000065512,0.000007844121615312911,divisauk_4,primexm_fix44
"2017-08-15 15:26:55.4900",9560926,USDCAD,1000,1.27582,1.27583,-0.000010000000000065512,0.000007838096283226092,divisa_m,mahi
"2017-08-15 15:34:22.3840",9561038,GBPUSD,1000,1.28571,1.2857,0.000009999999999843467,0.000007777803703668376,divisauk_4,primexm_fix44
"2017-08-15 15:42:46.8660",9561147,GBPUSD,1000,1.28632,1.28631,0.000009999999999843467,0.000007774115305556524,divisauk_1,primexm_fix44
"2017-08-15 19:02:47.1430",9563525,GBPUSD,1000,1.2865,1.28649,0.000010000000000065512,0.000007773027594298882,divisauk_4,primexm_fix44
"2017-08-15 17:19:02.1290",9562647,GBPUSD,4000,1.28709,1.2871,-0.000009999999999843467,0.000007769464450693787,divisa_m,mahi
"2017-08-17 16:39:49.5360",9620896,GBPUSD,76000,1.28806,1.28805,0.000010000000000065512,0.000007763613496316564,divisauk_1,primexm_fix44
"2018-03-16 12:21:00.0870",13599493,EURJPY,100000,130.23,130.231,-0.0010000000000047748,0.000007678722260652499,divisa_nz_j,fastmatch
"2018-03-16 12:02:22.0420",13599204,EURJPY,100000,130.235,130.236,-0.0009999999999763531,0.000007678427457875018,divisa_nz_j_2,hotspot
"2018-03-09 07:50:11.0500",13395732,GBPUSD,100000,1.38171,1.3817,0.000010000000000065512,0.000007237408718229956,divisa_nz_j_2,hotspot
"2018-03-09 13:42:00.5280",13405131,GBPUSD,100000,1.38207,1.38206,0.000009999999999843467,0.000007235523526191487,divisa_nz_j,fxcm_fm
"2018-03-07 13:50:10.0780",13362507,GBPUSD,100000,1.38732,1.38731,0.000010000000000065512,0.000007208142317609139,divisa_nz_j,fxcm_fm
"2018-03-08 14:52:44.2360",13384151,GBPUSD,100000,1.38791,1.3879,0.000010000000000065512,0.00000720507813911962,divisa_nz_j_2,hotspot
"2018-03-07 04:36:57.0660",13354998,GBPUSD,100000,1.38955,1.38954,0.000010000000000065512,0.000007196574430618194,divisa_nz_j_2,hotspot
"2018-03-07 19:51:01.0600",13368677,GBPUSD,100000,1.38961,1.38962,-0.000010000000000065512,0.000007196263699934163,divisa_nz_j_2,hotspot
"2018-03-07 20:24:45.0700",13369265,GBPUSD,100000,1.3903,1.39029,0.000010000000000065512,0.000007192692224746825,divisa_nz_j_2,hotspot
"2018-03-16 18:11:00.2100",13605487,GBPUSD,100000,1.39427,1.39426,0.000009999999999843467,0.000007172211981785069,divisa_nz_j,fastmatch
"2018-03-16 11:03:12.3770",13598486,GBPUSD,100000,1.39549,1.3955,-0.000010000000000065512,0.0000071659417122770585,divisa_nz_j,fastmatch
"2018-03-16 15:14:00.3440",13603319,USDJPY,100000,106.09,106.09,0,0,divisa_nz_j_2,hotspot
"2018-02-26 13:51:00.1760",13224048,EURUSD,100000,1.23091,1.23091,0,0,divisa_nz_j_2,hotspot
"2018-03-16 18:59:00.3070",13605722,GBPUSD,100000,1.39357,1.39357,0,0,divisa_nz_j_2,hotspot
"2018-02-27 13:43:00.3630",13240000,EURUSD,100000,1.23024,1.23024,0,0,divisa_nz_j_2,hotspot
"2018-03-01 05:53:52.3250",13274530,EURUSD,100000,1.21932,1.21932,0,0,divisa_nz_j_2,hotspot
"2018-03-01 14:29:00.0700",13283172,EURUSD,100000,1.21751,1.21751,0,0,divisa_nz_j_2,hotspot
"2018-03-02 00:22:00.1310",13294224,EURUSD,100000,1.22638,1.22638,0,0,divisa_nz_j_2,hotspot
"2018-03-02 11:18:00.3210",13302308,EURUSD,10000,1.23185,1.23185,0,0,divisa_nz_j_2,hotspot
"2018-03-05 15:18:00.7480",13322985,EURUSD,100000,1.23136,1.23136,0,0,divisa_nz_j_2,hotspot
"2018-03-06 23:58:00.4050",13347847,GBPUSD,100000,1.39,1.39,0,0,divisa_nz_j,fxcm_fm
"2018-03-07 14:04:33.7960",13362765,EURUSD,100000,1.24108,1.24108,0,0,divisa_nz_j_2,hotspot
"2018-03-08 05:45:00.6120",13371678,GBPUSD,100000,1.3901,1.3901,0,0,divisa_nz_j,fxcm_fm
"2018-03-12 12:14:00.4260",13511006,EURUSD,100000,1.22977,1.22977,0,0,divisa_nz_j,fastmatch
"2018-03-13 00:27:39.5350",13518294,EURUSD,100000,1.23405,1.23405,0,0,divisa_nz_j_2,hotspot
"2018-03-13 11:13:35.6800",13526686,EURUSD,100000,1.2335,1.2335,0,0,divisa_nz_j_2,hotspot
"2017-08-15 15:42:46.8800",9561152,USDJPY,1000,110.458,110.458,0,0,divisa_m,mahi
"2017-08-15 19:02:47.1530",9563527,AUDUSD,3000,0.78185,0.78185,0,0,divisauk_1,primexm_fix44
"2018-03-16 17:51:00.3880",13605384,USDJPY,100000,106.085,106.085,0,0,divisa_nz_j,fastmatch
"2018-02-26 15:57:35.0490",13227111,EURUSD,100000,1.22808,1.22808,0,0,divisa_nz_j_2,hotspot
"2018-02-27 17:45:18.8080",13248912,EURUSD,100000,1.22391,1.22391,0,0,divisa_nz_j_2,hotspot
"2018-02-28 12:18:10.2990",13260643,EURUSD,100000,1.22244,1.22244,0,0,divisa_nz_j_2,hotspot
"2018-02-28 23:22:00.5060",13272005,EURUSD,70000,1.2192,1.2192,0,0,divisa_nz_j_2,hotspot
"2018-03-01 10:20:00.3380",13278375,EURUSD,100000,1.21877,1.21877,0,0,divisa_nz_j_2,hotspot
"2018-03-01 16:43:00.4590",13287945,EURUSD,100000,1.22087,1.22087,0,0,divisa_nz_j_2,hotspot
"2018-03-02 06:35:38.2500",13297011,EURUSD,90000,1.22675,1.22675,0,0,divisa_nz_j_2,hotspot
"2018-03-04 23:33:00.4640",13311697,EURUSD,70000,1.23025,1.23025,0,0,divisa_nz_j_2,hotspot
"2018-03-06 01:18:00.4600",13328736,EURUSD,100000,1.23593,1.23593,0,0,divisa_nz_j_2,hotspot
"2018-03-07 06:39:48.5620",13355933,GBPUSD,100000,1.39088,1.39088,0,0,divisa_nz_j_2,hotspot
"2018-03-08 15:18:00.4040",13385528,EURUSD,100000,1.23531,1.23531,0,0,divisa_nz_j_2,hotspot
"2018-03-12 18:03:45.7800",13516525,USDCHF,100000,0.94751,0.94751,0,0,divisa_nz_j,fastmatch
"2018-03-13 06:02:30.7330",13520444,EURUSD,100000,1.23283,1.23283,0,0,divisa_nz_j_2,hotspot
"2017-08-15 15:35:26.9430",9561049,AUDUSD,1000,0.78177,0.78177,0,0,divisauk_1,primexm_fix44
"2018-03-13 12:51:00.6030",13532288,USDJPY,100000,106.834,106.834,0,0,divisa_nz_j_2,hotspot
"2017-08-15 17:19:27.3450",9562663,EURUSD,5000,1.17426,1.17426,0,0,divisauk_4,primexm_fix44
"2017-08-17 16:43:03.1260",9620919,NZDUSD,29000,0.73047,0.73047,0,0,divisauk_1,primexm_fix44
"2018-03-16 14:45:00.2880",13602519,EURJPY,100000,130.189,130.189,0,0,divisa_nz_j_2,hotspot
"2018-02-26 13:07:00.1490",13223509,EURUSD,100000,1.23204,1.23204,0,0,divisa_nz_j_2,hotspot
"2018-03-16 18:55:00.4830",13605718,EURCHF,100000,1.17038,1.17038,0,0,divisa_nz_j_2,hotspot
"2018-02-27 13:33:00.3090",13239327,EURUSD,100000,1.22883,1.22883,0,0,divisa_nz_j_2,hotspot
"2018-02-28 06:01:06.6480",13254418,EURUSD,100000,1.22279,1.22279,0,0,divisa_nz_j_2,hotspot
"2018-02-28 16:36:00.1650",13268191,EURUSD,90000,1.22148,1.22148,0,0,divisa_nz_j_2,hotspot
"2018-03-01 04:06:00.3560",13274025,EURUSD,100000,1.21946,1.21946,0,0,divisa_nz_j_2,hotspot
"2018-03-01 14:11:00.3420",13282808,EURUSD,100000,1.21838,1.21838,0,0,divisa_nz_j_2,hotspot
"2018-03-02 00:20:00.1100",13294219,EURUSD,100000,1.22644,1.22644,0,0,divisa_nz_j_2,hotspot
"2018-03-02 11:15:00.0570",13302212,EURUSD,100000,1.23195,1.23195,0,0,divisa_nz_j_2,hotspot
"2018-03-06 21:21:00.5180",13345974,EURUSD,100000,1.24058,1.24058,0,0,divisa_nz_j_2,hotspot
"2018-03-08 05:02:44.5780",13371445,GBPUSD,100000,1.39034,1.39034,0,0,divisa_nz_j_2,hotspot
"2018-03-09 07:35:03.3710",13395677,GBPUSD,100000,1.38111,1.38111,0,0,divisa_nz_j,fxcm_fm
"2018-03-13 00:10:00.3140",13518228,EURGBP,100000,0.88719,0.88719,0,0,divisa_nz_j,fastmatch
"2017-08-15 15:28:11.1710",9560942,EURUSD,1000,1.1729,1.1729,0,0,divisa_m,mahi
"2017-08-15 15:42:46.8760",9561150,NZDUSD,1000,0.72432,0.72432,0,0,divisa_m,mahi
"2018-03-16 11:06:00.5240",13598506,GBPUSD,100000,1.396,1.396,0,0,divisa_nz_j_2,hotspot
"2018-03-16 17:33:00.3890",13605269,EURCHF,100000,1.17094,1.17094,0,0,divisa_nz_j_2,hotspot
"2018-02-26 15:22:00.4900",13226275,EURUSD,90000,1.22956,1.22956,0,0,divisa_nz_j_2,hotspot
"2018-02-28 10:39:00.3220",13259016,EURUSD,100000,1.22288,1.22288,0,0,divisa_nz_j_2,hotspot
"2018-02-28 23:18:00.3390",13271985,EURUSD,100000,1.21912,1.21912,0,0,divisa_nz_j_2,hotspot
"2018-03-01 08:22:00.0670",13276351,EURUSD,100000,1.22034,1.22034,0,0,divisa_nz_j_2,hotspot
"2018-03-01 16:41:00.2910",13287910,EURUSD,100000,1.22067,1.22067,0,0,divisa_nz_j_2,hotspot
"2018-03-02 18:55:00.4060",13309458,EURUSD,390000,1.23206,1.23206,0,0,divisa_nz_j_2,hotspot
"2018-03-06 00:51:01.3160",13328619,EURUSD,100000,1.23481,1.23481,0,0,divisa_nz_j_2,hotspot
"2018-03-07 18:35:03.0140",13368074,GBPUSD,100000,1.3888,1.3888,0,0,divisa_nz_j_2,hotspot
"2018-03-08 14:18:00.6640",13382576,GBPUSD,100000,1.38812,1.38812,0,0,divisa_nz_j_2,hotspot
"2018-03-09 13:36:00.3400",13404435,GBPUSD,100000,1.38437,1.38437,0,0,divisa_nz_j_2,hotspot
"2018-03-12 18:00:37.8010",13516511,GBPUSD,100000,1.39001,1.39001,0,0,divisa_nz_j,fastmatch
"2018-03-13 06:00:38.8490",13520438,EURJPY,100000,131.629,131.629,0,0,divisa_nz_j,fastmatch
"2017-08-15 15:35:26.9360",9561047,GBPUSD,1000,1.286,1.286,0,0,divisauk_1,primexm_fix44
"2018-03-13 12:47:09.8330",13531581,EURGBP,100000,0.8871,0.8871,0,0,divisa_nz_j,fastmatch
"2017-08-15 17:19:02.1390",9562651,USDCAD,4000,1.275,1.275,0,0,divisa_m,mahi
"2018-03-16 13:03:00.2980",13600123,EURJPY,100000,130.173,130.173,0,0,divisa_nz_j_2,hotspot
"2017-08-17 16:43:03.1220",9620917,USDCHF,45000,0.96275,0.96275,0,0,divisauk_2,primexm_fix44
"2018-03-16 14:34:12.0900",13602264,USDJPY,100000,106.067,106.067,0,0,divisa_nz_j_2,hotspot
"2018-02-23 16:48:41.7630",13211335,EURUSD,100000,1.22947,1.22947,0,0,divisa_nz_j_2,hotspot
"2018-03-16 18:41:00.5380",13605675,EURUSD,100000,1.22883,1.22883,0,0,divisa_nz_j_2,hotspot
"2018-02-27 13:17:53.5880",13238545,EURUSD,100000,1.22995,1.22995,0,0,divisa_nz_j_2,hotspot
"2018-02-28 04:24:00.2190",13253940,EURUSD,90000,1.22249,1.22249,0,0,divisa_nz_j_2,hotspot
"2018-02-28 16:34:00.0740",13268178,EURUSD,100000,1.22142,1.22142,0,0,divisa_nz_j_2,hotspot
"2018-03-01 02:00:00.1520",13273390,EURUSD,100000,1.2192,1.2192,0,0,divisa_nz_j_2,hotspot
"2018-03-01 14:08:00.4260",13282747,EURUSD,100000,1.21892,1.21892,0,0,divisa_nz_j_2,hotspot
"2018-03-01 21:52:34.6200",13293578,EURUSD,100000,1.22634,1.22634,0,0,divisa_nz_j_2,hotspot
"2018-03-02 08:34:00.5120",13298936,EURUSD,100000,1.22727,1.22727,0,0,divisa_nz_j_2,hotspot
"2018-03-05 08:06:17.1260",13315427,EURUSD,100000,1.22982,1.22982,0,0,divisa_nz_j_2,hotspot
"2018-03-06 19:35:02.2680",13345534,GBPUSD,100000,1.38975,1.38975,0,0,divisa_nz_j_2,hotspot
"2018-03-07 13:20:33.8670",13361709,EURUSD,100000,1.24041,1.24041,0,0,divisa_nz_j_2,hotspot
"2018-03-08 02:35:02.5220",13370954,GBPUSD,100000,1.39051,1.39051,0,0,divisa_nz_j_2,hotspot
"2018-03-09 06:18:00.6250",13393744,EURUSD,100000,1.23141,1.23141,0,0,divisa_nz_j_2,hotspot
"2018-03-13 00:01:00.3710",13518171,EURUSD,100000,1.23403,1.23403,0,0,divisa_nz_j_2,hotspot
"2018-03-13 09:12:00.5220",13524134,EURGBP,100000,0.88801,0.88801,0,0,divisa_nz_j_2,hotspot
"2017-08-15 15:42:46.8710",9561148,USDCHF,1000,0.9728,0.9728,0,0,divisauk_1,primexm_fix44
"2018-03-16 11:00:49.6500",13598412,EURUSD,100000,1.23269,1.23269,0,0,divisa_nz_j_2,hotspot
"2017-08-15 18:21:05.7820",9563191,USDJPY,3000,110.496,110.496,0,0,divisauk_1,primexm_fix44
"2018-02-26 15:20:00.4260",13226248,EURUSD,100000,1.22965,1.22965,0,0,divisa_nz_j_2,hotspot
"2018-02-28 10:36:00.2340",13258981,EURUSD,100000,1.22293,1.22293,0,0,divisa_nz_j_2,hotspot
"2018-02-28 21:59:00.3370",13271481,EURUSD,100000,1.21939,1.21939,0,0,divisa_nz_j_2,hotspot
"2018-03-01 08:10:00.4930",13276189,EURUSD,9000,1.21959,1.21959,0,0,divisa_nz_j_2,hotspot
"2018-03-01 14:43:00.3330",13283783,EURUSD,100000,1.21649,1.21649,0,0,divisa_nz_j_2,hotspot
"2018-03-02 05:43:00.2720",13296037,EURUSD,90000,1.2277,1.2277,0,0,divisa_nz_j_2,hotspot
"2018-03-02 16:26:00.4330",13308238,EURUSD,100000,1.23085,1.23085,0,0,divisa_nz_j_2,hotspot
"2018-03-05 21:18:00.2110",13327318,EURUSD,100000,1.23362,1.23362,0,0,divisa_nz_j_2,hotspot
"2018-03-09 13:09:00.1470",13402708,GBPUSD,100000,1.38299,1.38299,0,0,divisa_nz_j_2,hotspot
"2018-03-12 18:00:37.7940",13516509,EURCHF,100000,1.16828,1.16828,0,0,divisa_nz_j_2,hotspot
"2018-03-13 05:40:00.3210",13520361,USDCHF,100000,0.9479,0.9479,0,0,divisa_nz_j_2,hotspot
"2017-08-15 15:34:22.3950",9561043,USDJPY,1000,110.511,110.511,0,0,divisauk_1,primexm_fix44
"2018-03-13 12:47:00.5100",13531551,EURCHF,100000,1.1692,1.1692,0,0,divisa_nz_j,fastmatch
"2017-08-15 17:19:02.1340",9562649,AUDUSD,4000,0.78225,0.78225,0,0,divisauk_2,primexm_fix44
"2018-03-16 12:30:11.0000",13599587,EURCHF,100000,1.17092,1.17092,0,0,divisa_nz_j_2,hotspot
"2018-03-16 14:06:11.6820",13601757,USDJPY,100000,106.057,106.057,0,0,divisa_nz_j,fastmatch
"2018-01-22 15:07:59.2430",12416011,EURUSD,10000,1.22428,1.22428,0,0,divisa_nz_j_2,hotspot
"2018-03-16 18:31:00.2090",13605644,EURUSD,100000,1.22879,1.22879,0,0,divisa_nz_j_2,hotspot
"2018-02-28 04:20:00.2470",13253933,EURUSD,100000,1.22249,1.22249,0,0,divisa_nz_j_2,hotspot
"2018-03-01 01:58:00.0910",13273385,EURUSD,100000,1.21913,1.21913,0,0,divisa_nz_j_2,hotspot
"2018-03-01 20:08:00.1840",13292585,EURUSD,40000,1.22595,1.22595,0,0,divisa_nz_j_2,hotspot
"2018-03-02 08:06:00.2990",13298626,EURUSD,90000,1.2258,1.2258,0,0,divisa_nz_j_2,hotspot
"2018-03-05 07:27:00.4360",13314741,EURUSD,100000,1.22793,1.22793,0,0,divisa_nz_j_2,hotspot
"2018-03-06 19:18:00.7170",13345484,EURUSD,100000,1.24108,1.24108,0,0,divisa_nz_j_2,hotspot
"2018-03-07 13:18:00.4590",13361615,EURUSD,100000,1.24122,1.24122,0,0,divisa_nz_j_2,hotspot
"2018-03-08 01:59:00.1080",13370763,GBPUSD,100000,1.39043,1.39043,0,0,divisa_nz_j,fxcm_fm
"2018-03-09 04:35:03.9450",13393059,GBPUSD,100000,1.38019,1.38019,0,0,divisa_nz_j,fxcm_fm
"2018-03-09 18:57:00.1880",13433516,GBPUSD,100000,1.38532,1.38532,0,0,divisa_nz_j,fxcm_fm
"2018-03-12 23:50:00.2310",13517968,EURCHF,100000,1.16876,1.16876,0,0,divisa_nz_j,fastmatch
"2017-08-15 15:26:55.4870",9560924,AUDUSD,1000,0.78187,0.78187,0,0,divisauk_1,primexm_fix44
"2018-03-13 08:39:00.3510",13523476,EURUSD,100000,1.23288,1.23288,0,0,divisa_nz_j_2,hotspot
"2018-03-16 10:57:00.3080",13598379,EURUSD,100000,1.23255,1.23255,0,0,divisa_nz_j_2,hotspot
"2017-08-15 18:21:05.7740",9563189,NZDUSD,2000,0.72323,0.72323,0,0,divisauk_4,primexm_fix44
"2018-02-26 15:08:08.2330",13225883,EURUSD,70000,1.22939,1.22939,0,0,divisa_nz_j_2,hotspot
"2018-02-27 15:29:00.3090",13244415,EURUSD,100000,1.22654,1.22654,0,0,divisa_nz_j_2,hotspot
"2018-02-28 09:59:27.2700",13258209,EURUSD,100000,1.22218,1.22218,0,0,divisa_nz_j_2,hotspot
"2018-02-28 21:57:00.2670",13271474,EURUSD,100000,1.2193,1.2193,0,0,divisa_nz_j_2,hotspot
"2018-03-01 08:08:00.4340",13276174,EURUSD,100000,1.2194,1.2194,0,0,divisa_nz_j_2,hotspot
"2018-03-01 14:41:00.2780",13283620,EURUSD,100000,1.2166,1.2166,0,0,divisa_nz_j_2,hotspot
"2018-03-02 05:40:00.2830",13296027,EURUSD,100000,1.22774,1.22774,0,0,divisa_nz_j_2,hotspot
"2018-03-02 16:23:00.2960",13308176,EURUSD,100000,1.23071,1.23071,0,0,divisa_nz_j_2,hotspot
"2018-03-05 19:34:00.3920",13326895,EURUSD,100000,1.23289,1.23289,0,0,divisa_nz_j_2,hotspot
"2018-03-07 03:56:43.3390",13354917,GBPUSD,100000,1.38922,1.38922,0,0,divisa_nz_j_2,hotspot
"2018-03-08 12:58:00.1190",13378869,GBPUSD,100000,1.38795,1.38795,0,0,divisa_nz_j,fxcm_fm
"2018-03-09 12:30:00.4440",13402287,USDJPY,100000,106.811,106.811,0,0,divisa_nz_j,fxcm_fm
"2018-03-12 16:33:30.3880",13515796,EURGBP,100000,0.88662,0.88662,0,0,divisa_nz_j_2,hotspot
"2018-03-13 05:30:00.5460",13519994,USDCHF,100000,0.94786,0.94786,0,0,divisa_nz_j,fastmatch
"2017-08-15 15:34:22.3890",9561041,NZDUSD,1000,0.72403,0.72403,0,0,divisauk_1,primexm_fix44
"2018-03-16 12:30:00.4010",13599583,EURJPY,100000,130.247,130.247,0,0,divisa_nz_j,fastmatch
"2017-08-17 16:39:49.5450",9620900,USDCAD,60000,1.26504,1.26504,0,0,divisa_m,mahi
"2018-03-16 13:41:00.0700",13601183,USDJPY,100000,106.027,106.027,0,0,divisa_nz_j_2,hotspot
"2018-01-18 15:36:07.7400",12380747,EURUSD,103000,1.22423,1.22423,0,0,divisa_nz_j,fxcm_fm
"2018-03-16 18:22:00.1440",13605563,EURUSD,100000,1.22903,1.22903,0,0,divisa_nz_j_2,hotspot
"2018-02-27 12:48:00.3510",13237815,EURUSD,10000,1.23175,1.23175,0,0,divisa_nz_j_2,hotspot
"2018-02-28 01:20:00.3280",13252756,EURUSD,100000,1.22308,1.22308,0,0,divisa_nz_j_2,hotspot
"2018-02-28 16:27:40.7020",13267956,EURUSD,100000,1.22074,1.22074,0,0,divisa_nz_j_2,hotspot
"2018-03-01 01:44:00.3860",13273296,EURUSD,90000,1.21892,1.21892,0,0,divisa_nz_j_2,hotspot
"2018-03-01 19:43:00.4550",13291581,EURUSD,100000,1.22361,1.22361,0,0,divisa_nz_j_2,hotspot
"2018-03-06 12:08:30.0460",13337236,EURUSD,100000,1.23981,1.23981,0,0,divisa_nz_j_2,hotspot
"2018-03-07 12:35:02.6000",13361099,GBPUSD,100000,1.38634,1.38634,0,0,divisa_nz_j,fxcm_fm
"2018-03-08 00:30:38.4490",13370347,GBPUSD,100000,1.39079,1.39079,0,0,divisa_nz_j_2,hotspot
"2018-03-09 01:59:00.4240",13392366,GBPUSD,100000,1.37945,1.37945,0,0,divisa_nz_j,fxcm_fm
"2018-03-09 17:02:00.2800",13419950,GBPUSD,100000,1.38573,1.38573,0,0,divisa_nz_j_2,hotspot
"2018-03-12 22:09:38.8750",13517758,GBPUSD,100000,1.3905,1.3905,0,0,divisa_nz_j_2,hotspot
"2017-08-15 15:26:55.4820",9560922,GBPUSD,1000,1.28516,1.28516,0,0,divisauk_4,primexm_fix44
"2018-03-13 08:32:00.4840",13522759,USDCHF,100000,0.94754,0.94754,0,0,divisa_nz_j,fastmatch
"2017-08-15 15:39:17.6890",9561101,USDCAD,1000,1.27582,1.27582,0,0,divisauk_2,primexm_fix44
"2018-03-16 10:53:00.2030",13598333,EURJPY,100000,130.291,130.291,0,0,divisa_nz_j,fastmatch
"2017-08-15 18:21:05.7500",9563187,USDCHF,2000,0.97283,0.97283,0,0,divisauk_2,primexm_fix44
"2018-02-26 15:06:06.6920",13225827,EURUSD,10000,1.22969,1.22969,0,0,divisa_nz_j_2,hotspot
"2018-02-27 15:26:00.3600",13244380,EURUSD,100000,1.22657,1.22657,0,0,divisa_nz_j_2,hotspot
"2018-02-28 20:31:00.2930",13270984,EURUSD,90000,1.21978,1.21978,0,0,divisa_nz_j_2,hotspot
"2018-03-01 08:05:00.2240",13276146,EURUSD,91000,1.21963,1.21963,0,0,divisa_nz_j_2,hotspot
"2018-03-01 14:38:00.4750",13283500,EURUSD,100000,1.21752,1.21752,0,0,divisa_nz_j_2,hotspot
"2018-03-02 05:32:11.7490",13295997,EURUSD,100000,1.22765,1.22765,0,0,divisa_nz_j_2,hotspot
"2018-03-02 15:04:00.2780",13307032,EURUSD,100000,1.23255,1.23255,0,0,divisa_nz_j_2,hotspot
"2018-03-05 19:10:02.4300",13326765,EURUSD,100000,1.23282,1.23282,0,0,divisa_nz_j_2,hotspot
"2018-03-07 03:14:00.7900",13354813,GBPUSD,100000,1.389,1.389,0,0,divisa_nz_j,fxcm_fm
"2018-03-07 16:35:03.2110",13366636,GBPUSD,100000,1.38885,1.38885,0,0,divisa_nz_j_2,hotspot
"2018-03-08 10:23:16.8540",13375473,GBPUSD,100000,1.38793,1.38793,0,0,divisa_nz_j_2,hotspot
"2018-03-09 12:04:00.3530",13401968,GBPUSD,100000,1.3829,1.3829,0,0,divisa_nz_j_2,hotspot
"2018-03-12 16:27:16.7940",13515763,EURGBP,100000,0.88667,0.88667,0,0,divisa_nz_j_2,hotspot
"2018-03-13 04:53:46.0280",13519457,EURCHF,100000,1.16863,1.16863,0,0,divisa_nz_j,fastmatch
"2017-08-15 15:34:22.3850",9561039,USDCHF,1000,0.97357,0.97357,0,0,divisauk_1,primexm_fix44
"2018-03-13 12:30:49.1660",13528852,GBPUSD,100000,1.39015,1.39015,0,0,divisa_nz_j_2,hotspot
"2017-08-15 15:53:05.4000",9561331,USDJPY,3000,110.417,110.417,0,0,divisauk_1,primexm_fix44
"2018-03-16 12:24:00.4520",13599517,EURJPY,100000,130.239,130.239,0,0,divisa_nz_j_2,hotspot
"2017-08-17 16:39:49.5410",9620898,AUDUSD,17000,0.79167,0.79167,0,0,divisauk_1,primexm_fix44
"2018-01-17 15:49:20.2620",12348752,EURUSD,1000,1.22381,1.22381,0,0,divisauk_2,primexm_fix44
"2018-03-16 18:16:32.4220",13605540,GBPUSD,100000,1.39367,1.39367,0,0,divisa_nz_j_2,hotspot
"2018-02-27 12:43:00.5470",13237797,EURUSD,100000,1.23203,1.23203,0,0,divisa_nz_j_2,hotspot
"2018-02-28 15:55:53.7450",13266847,EURUSD,100000,1.22066,1.22066,0,0,divisa_nz_j_2,hotspot
"2018-03-01 01:01:00.0640",13272990,EURUSD,100000,1.21877,1.21877,0,0,divisa_nz_j_2,hotspot
"2018-03-01 12:22:23.3790",13280000,EURUSD,90000,1.21767,1.21767,0,0,divisa_nz_j_2,hotspot
"2018-03-01 19:32:00.1500",13291328,EURUSD,100000,1.22272,1.22272,0,0,divisa_nz_j_2,hotspot
"2018-03-02 07:04:00.3040",13297288,EURUSD,10000,1.22598,1.22598,0,0,divisa_nz_j_2,hotspot
"2018-03-07 11:24:54.5340",13360151,EURUSD,100000,1.24263,1.24263,0,0,divisa_nz_j_2,hotspot
"2018-03-07 23:30:00.1980",13370039,GBPUSD,100000,1.39022,1.39022,0,0,divisa_nz_j,fxcm_fm
"2018-03-09 00:30:00.2750",13391387,GBPUSD,100000,1.38048,1.38048,0,0,divisa_nz_j,fxcm_fm
"2018-03-12 20:27:00.2850",13517380,EURCHF,100000,1.1686,1.1686,0,0,divisa_nz_j_2,hotspot
"2018-03-13 08:24:33.3130",13522633,EURUSD,100000,1.23248,1.23248,0,0,divisa_nz_j,fastmatch
"2018-03-13 15:00:37.5090",13538742,GBPUSD,100000,1.39711,1.39711,0,0,divisa_nz_j_2,hotspot
"2017-08-15 18:21:05.7460",9563185,EURUSD,5000,1.17327,1.17327,0,0,divisauk_4,primexm_fix44
"2018-02-26 15:04:06.6240",13225741,EURUSD,10000,1.22981,1.22981,0,0,divisa_nz_j_2,hotspot
"2018-02-27 14:54:00.4530",13243069,EURUSD,100000,1.22746,1.22746,0,0,divisa_nz_j_2,hotspot
"2018-02-28 07:05:00.3680",13255232,EURUSD,90000,1.22338,1.22338,0,0,divisa_nz_j_2,hotspot
"2018-02-28 20:29:00.2580",13270973,EURUSD,100000,1.21978,1.21978,0,0,divisa_nz_j_2,hotspot
"2018-03-01 07:47:00.3230",13275696,EURUSD,90000,1.22113,1.22113,0,0,divisa_nz_j_2,hotspot
"2018-03-01 14:36:00.3650",13283343,EURUSD,100000,1.21743,1.21743,0,0,divisa_nz_j_2,hotspot
"2018-03-02 05:20:00.3940",13295962,EURUSD,10000,1.22756,1.22756,0,0,divisa_nz_j_2,hotspot
"2018-03-02 14:37:00.1090",13306467,EURUSD,100000,1.23057,1.23057,0,0,divisa_nz_j_2,hotspot
"2018-03-05 18:18:00.3180",13326374,EURUSD,100000,1.23271,1.23271,0,0,divisa_nz_j_2,hotspot
"2018-03-07 02:30:00.1200",13354597,EURUSD,100000,1.24105,1.24105,0,0,divisa_nz_j,fxcm_fm
"2018-03-07 15:23:46.7410",13364609,EURUSD,100000,1.2406,1.2406,0,0,divisa_nz_j,fxcm_fm
"2018-03-08 07:57:01.9440",13372658,GBPUSD,100000,1.39032,1.39032,0,0,divisa_nz_j_2,hotspot
"2018-03-09 12:00:50.3560",13401922,EURUSD,100000,1.22993,1.22993,0,0,divisa_nz_j_2,hotspot
"2018-03-12 15:53:03.3260",13514772,EURGBP,100000,0.88633,0.88633,0,0,divisa_nz_j_2,hotspot
"2018-03-13 02:52:00.6390",13518781,EURCHF,100000,1.16798,1.16798,0,0,divisa_nz_j_2,hotspot
"2017-08-15 15:34:22.3830",9561037,EURUSD,1000,1.17266,1.17266,0,0,divisa_m,mahi
"2018-03-13 12:26:00.3200",13528592,GBPUSD,100000,1.39022,1.39022,0,0,divisa_nz_j_2,hotspot
"2018-03-16 12:18:00.5330",13599467,EURJPY,100000,130.233,130.233,0,0,divisa_nz_j_2,hotspot
"2018-03-16 13:22:11.7110",13600691,USDJPY,100000,105.911,105.911,0,0,divisa_nz_j_2,hotspot
"2017-11-03 12:33:32.3510",10656274,EURUSD,10000,1.16889,1.16889,0,0,divisauk_1,primexm_fix44
"2018-03-16 18:14:00.1650",13605525,GBPUSD,100000,1.39413,1.39413,0,0,divisa_nz_j_2,hotspot
"2018-02-27 12:35:00.2260",13237714,EURUSD,100000,1.23161,1.23161,0,0,divisa_nz_j_2,hotspot
"2018-02-27 23:46:00.0970",13251557,EURUSD,10000,1.22364,1.22364,0,0,divisa_nz_j_2,hotspot
"2018-02-28 15:23:00.4830",13265476,EURUSD,90000,1.21915,1.21915,0,0,divisa_nz_j_2,hotspot
"2018-03-01 00:30:48.5960",13272634,EURUSD,70000,1.21845,1.21845,0,0,divisa_nz_j_2,hotspot
"2018-03-01 12:20:22.5570",13279933,EURUSD,100000,1.21767,1.21767,0,0,divisa_nz_j_2,hotspot
"2018-03-02 07:01:00.5180",13297229,EURUSD,100000,1.22608,1.22608,0,0,divisa_nz_j_2,hotspot
"2018-03-05 04:10:33.8910",13313124,EURUSD,100000,1.23211,1.23211,0,0,divisa_nz_j_2,hotspot
"2018-03-06 11:18:00.4650",13334663,EURUSD,100000,1.2346,1.2346,0,0,divisa_nz_j_2,hotspot
"2018-03-07 10:30:37.8310",13359143,GBPUSD,100000,1.3878,1.3878,0,0,divisa_nz_j,fxcm_fm
"2018-03-07 22:50:01.8410",13369927,GBPUSD,100000,1.39053,1.39053,0,0,divisa_nz_j,fxcm_fm
"2018-03-08 21:35:03.0480",13390813,GBPUSD,100000,1.38136,1.38136,0,0,divisa_nz_j_2,hotspot
"2018-03-09 14:21:00.2560",13406660,USDJPY,100000,106.927,106.927,0,0,divisa_nz_j_2,hotspot
"2018-03-12 20:01:48.6390",13517290,EURCHF,100000,1.1689,1.1689,0,0,divisa_nz_j,fastmatch
"2017-08-15 14:44:58.1860",9559715,AUS200,1,5751.29,5751.29,0,0,divisauk_1,primexm_fix44
"2018-03-13 08:03:07.8280",13522341,EURGBP,100000,0.88687,0.88687,0,0,divisa_nz_j,fastmatch
"2017-08-15 15:39:17.6820",9561097,GBPUSD,1000,1.28605,1.28605,0,0,divisauk_1,primexm_fix44
"2018-03-13 14:20:00.5670",13536288,GBPUSD,100000,1.3943,1.3943,0,0,divisa_nz_j_2,hotspot
"2018-03-16 15:29:00.1070",13603557,EURJPY,100000,130.264,130.264,0,0,divisa_nz_j_2,hotspot
"2018-02-27 14:51:00.2740",13242830,EURUSD,100000,1.22815,1.22815,0,0,divisa_nz_j_2,hotspot
"2018-02-28 07:03:00.2750",13255213,EURUSD,100000,1.22319,1.22319,0,0,divisa_nz_j_2,hotspot
"2018-03-01 07:45:00.0960",13275676,EURUSD,100000,1.22091,1.22091,0,0,divisa_nz_j_2,hotspot
"2018-03-01 14:32:00.1600",13283304,EURUSD,100000,1.21792,1.21792,0,0,divisa_nz_j_2,hotspot
"2018-03-02 02:30:03.7840",13295001,EURUSD,100000,1.22704,1.22704,0,0,divisa_nz_j_2,hotspot
"2018-03-02 12:53:34.1350",13303743,EURUSD,100000,1.23176,1.23176,0,0,divisa_nz_j_2,hotspot
"2018-03-05 17:00:00.0830",13325358,EURUSD,100000,1.23297,1.23297,0,0,divisa_nz_j_2,hotspot
"2018-03-07 02:07:00.2120",13354480,EURUSD,100000,1.24119,1.24119,0,0,divisa_nz_j,fxcm_fm
"2018-03-07 15:00:00.5480",13363809,EURUSD,100000,1.24097,1.24097,0,0,divisa_nz_j_2,hotspot
"2018-03-08 07:39:25.0970",13372526,EURUSD,100000,1.24112,1.24112,0,0,divisa_nz_j_2,hotspot
"2018-03-09 10:53:00.6300",13400718,GBPUSD,100000,1.3811,1.3811,0,0,divisa_nz_j,fxcm_fm
"2018-03-13 02:44:00.4380",13518770,USDJPY,100000,106.405,106.405,0,0,divisa_nz_j,fastmatch
"2017-08-15 15:28:11.2010",9560947,USDCAD,1000,1.27566,1.27566,0,0,divisauk_1,primexm_fix44
"2018-03-13 12:00:39.4300",13528132,EURGBP,100000,0.88786,0.88786,0,0,divisa_nz_j_2,hotspot
"2017-08-15 15:53:05.3920",9561327,USDCHF,2000,0.97233,0.97233,0,0,divisauk_2,primexm_fix44
"2018-03-16 12:07:00.0590",13599263,EURJPY,100000,130.233,130.233,0,0,divisa_nz_j_2,hotspot
"2017-11-03 12:18:50.4970",10653407,EURUSD,1000,1.16518,1.16518,0,0,divisauk_1,primexm_fix44
"2018-02-27 12:02:00.3070",13237437,EURUSD,100000,1.2317,1.2317,0,0,divisa_nz_j_2,hotspot
"2018-02-27 23:35:00.2770",13251525,EURUSD,100000,1.22374,1.22374,0,0,divisa_nz_j_2,hotspot
"2018-02-28 15:17:00.2010",13265296,EURUSD,100000,1.21916,1.21916,0,0,divisa_nz_j_2,hotspot
"2018-03-01 00:28:00.4410",13272566,EURUSD,100000,1.21849,1.21849,0,0,divisa_nz_j_2,hotspot
"2018-03-01 10:27:00.2930",13278446,EURUSD,10000,1.21881,1.21881,0,0,divisa_nz_j_2,hotspot
"2018-03-01 17:09:00.2360",13288530,EURUSD,30000,1.22161,1.22161,0,0,divisa_nz_j_2,hotspot
"2018-03-02 06:56:00.2580",13297193,EURUSD,100000,1.2264,1.2264,0,0,divisa_nz_j_2,hotspot
"2018-03-05 01:21:41.9130",13312266,EURUSD,80000,1.23368,1.23368,0,0,divisa_nz_j_2,hotspot
"2018-03-06 06:12:47.0830",13330391,EURUSD,100000,1.23519,1.23519,0,0,divisa_nz_j_2,hotspot
"2018-03-07 09:43:36.2900",13358669,EURUSD,100000,1.24241,1.24241,0,0,divisa_nz_j,fxcm_fm
"2018-03-07 22:42:35.9220",13369912,GBPUSD,100000,1.39031,1.39031,0,0,divisa_nz_j_2,hotspot
"2018-03-08 20:01:02.1380",13390204,GBPUSD,100000,1.38037,1.38037,0,0,divisa_nz_j,fxcm_fm
"2018-03-09 13:45:34.2150",13405540,USDJPY,100000,106.992,106.992,0,0,divisa_nz_j_2,hotspot
"2018-03-12 19:20:45.2940",13517116,USDCHF,100000,0.94659,0.94659,0,0,divisa_nz_j,fastmatch
"2017-08-15 14:43:18.6170",9559707,AUS200,1,5751.09,5751.09,0,0,divisauk_1,primexm_fix44
"2018-03-13 06:33:00.6620",13520673,USDCHF,100000,0.9477,0.9477,0,0,divisa_nz_j_2,hotspot
"2017-08-15 15:35:26.9740",9561052,USDJPY,1000,110.518,110.518,0,0,divisauk_1,primexm_fix44
"2018-03-13 13:27:00.5580",13533997,EURCHF,100000,1.1686,1.1686,0,0,divisa_nz_j,fastmatch
"2017-08-15 17:19:27.3510",9562666,AUDUSD,3000,0.78238,0.78238,0,0,divisauk_4,primexm_fix44
"2018-03-16 13:19:00.4780",13600655,EURJPY,100000,130.22,130.22,0,0,divisa_nz_j_2,hotspot
"2018-03-16 15:16:00.1920",13603358,EURCHF,100000,1.17004,1.17004,0,0,divisa_nz_j_2,hotspot
"2018-02-26 13:52:00.2730",13224069,EURUSD,90000,1.23087,1.23087,0,0,divisa_nz_j_2,hotspot
"2018-02-27 13:46:28.1430",13240158,EURUSD,200000,1.23028,1.23028,0,0,divisa_nz_j_2,hotspot
"2018-02-28 06:14:00.5190",13254661,EURUSD,100000,1.22215,1.22215,0,0,divisa_nz_j_2,hotspot
"2018-02-28 18:16:26.2630",13269589,EURUSD,100000,1.22066,1.22066,0,0,divisa_nz_j_2,hotspot
"2018-03-01 05:55:17.3780",13274535,EURUSD,100000,1.21927,1.21927,0,0,divisa_nz_j_2,hotspot
"2018-03-02 00:23:00.1870",13294225,EURUSD,90000,1.22622,1.22622,0,0,divisa_nz_j_2,hotspot
"2018-03-02 11:58:52.7770",13302979,EURUSD,100000,1.23046,1.23046,0,0,divisa_nz_j_2,hotspot
"2018-03-05 16:20:00.4010",13324469,EURUSD,100000,1.23326,1.23326,0,0,divisa_nz_j_2,hotspot
"2018-03-07 14:35:03.2630",13363242,GBPUSD,100000,1.38946,1.38946,0,0,divisa_nz_j,fxcm_fm
"2018-03-08 07:01:41.0040",13372033,GBPUSD,100000,1.3894,1.3894,0,0,divisa_nz_j_2,hotspot
"2018-03-12 12:19:14.4320",13511079,EURUSD,100000,1.22979,1.22979,0,0,divisa_nz_j_2,hotspot
"2018-03-13 01:48:52.8100",13518600,USDCHF,100000,0.94694,0.94694,0,0,divisa_nz_j,fastmatch
"2018-03-13 11:35:00.5810",13527552,EURUSD,100000,1.23415,1.23415,0,0,divisa_nz_j_2,hotspot
"2017-08-15 15:53:05.3860",9561325,EURUSD,5000,1.17347,1.17347,0,0,divisauk_4,primexm_fix44
"2018-03-16 12:00:33.2910",13599167,USDJPY,100000,105.623,105.623,0,0,divisa_nz_j_2,hotspot
"2018-03-16 18:00:31.7390",13605438,GBPUSD,100000,1.39358,1.39358,0,0,divisa_nz_j_2,hotspot
"2018-02-26 15:59:00.0830",13227187,EURUSD,90000,1.22839,1.22839,0,0,divisa_nz_j_2,hotspot
"2018-02-27 23:25:00.1720",13251498,EURUSD,100000,1.22364,1.22364,0,0,divisa_nz_j_2,hotspot
"2018-02-28 12:19:10.3980",13260665,EURUSD,100000,1.22239,1.22239,0,0,divisa_nz_j_2,hotspot
"2018-03-01 10:25:00.0830",13278424,EURUSD,100000,1.21911,1.21911,0,0,divisa_nz_j_2,hotspot
"2018-03-01 16:45:00.3590",13288081,EURUSD,21000,1.22196,1.22196,0,0,divisa_nz_j_2,hotspot
"2018-03-02 06:36:40.7700",13297025,EURUSD,100000,1.22665,1.22665,0,0,divisa_nz_j_2,hotspot
"2018-03-04 23:42:00.0380",13311737,EURUSD,10000,1.23088,1.23088,0,0,divisa_nz_j_2,hotspot
"2018-03-06 05:35:49.0710",13330116,EURUSD,100000,1.23459,1.23459,0,0,divisa_nz_j_2,hotspot
"2018-03-07 06:45:00.3490",13355994,GBPUSD,100000,1.39058,1.39058,0,0,divisa_nz_j_2,hotspot
"2018-03-08 19:43:00.1860",13389533,GBPUSD,100000,1.38097,1.38097,0,0,divisa_nz_j_2,hotspot
"2017-08-15 12:42:10.5500",9554707,EURUSD,1000,1.16983,1.16983,0,0,divisauk_2,primexm_fix44
"2018-03-13 06:09:00.4690",13520464,EURUSD,100000,1.23303,1.23303,0,0,divisa_nz_j_2,hotspot
"2018-03-13 13:11:00.1920",13533176,EURGBP,100000,0.88636,0.88636,0,0,divisa_nz_j,fastmatch
"2018-03-16 13:16:00.3690",13600575,EURJPY,100000,130.203,130.203,0,0,divisa_nz_j_2,hotspot
"2017-08-17 16:43:03.1280",9620920,USDCAD,60000,1.26509,1.26509,0,0,divisauk_4,primexm_fix44
"2018-02-26 13:08:00.1060",13223518,EURUSD,100000,1.23204,1.23204,0,0,divisa_nz_j_2,hotspot
"2018-03-16 18:57:00.0720",13605721,EURJPY,100000,130.316,130.316,0,0,divisa_nz_j_2,hotspot
"2018-02-27 13:36:00.2660",13239619,EURUSD,100000,1.22986,1.22986,0,0,divisa_nz_j_2,hotspot
"2018-02-28 06:12:00.2550",13254570,EURUSD,100000,1.22228,1.22228,0,0,divisa_nz_j_2,hotspot
"2018-03-01 04:11:00.5030",13274038,EURUSD,100000,1.21936,1.21936,0,0,divisa_nz_j_2,hotspot
"2018-03-01 14:12:00.3580",13282820,EURUSD,100000,1.21842,1.21842,0,0,divisa_nz_j_2,hotspot
"2018-03-02 00:21:00.1200",13294221,EURUSD,100000,1.22638,1.22638,0,0,divisa_nz_j_2,hotspot
"2018-03-02 11:16:00.3740",13302240,EURUSD,90000,1.23189,1.23189,0,0,divisa_nz_j_2,hotspot
"2018-03-05 10:46:00.8180",13318580,EURUSD,100000,1.23212,1.23212,0,0,divisa_nz_j_2,hotspot
"2018-03-06 21:35:02.6390",13346020,GBPUSD,100000,1.38888,1.38888,0,0,divisa_nz_j,fxcm_fm
"2018-03-08 05:18:00.6030",13371539,EURUSD,100000,1.24086,1.24086,0,0,divisa_nz_j_2,hotspot
"2018-03-12 08:48:30.3140",13508947,USDJPY,100000,106.485,106.485,0,0,divisa_nz_j_2,hotspot
"2017-08-15 15:28:11.1920",9560943,GBPUSD,1000,1.28553,1.28553,0,0,divisauk_1,primexm_fix44
"2018-03-13 11:05:03.2810",13526557,USDJPY,100000,107.274,107.274,0,0,divisa_nz_j_2,hotspot
"2017-08-15 15:42:46.8780",9561151,USDCAD,1000,1.27554,1.27554,0,0,divisauk_1,primexm_fix44
"2017-08-15 19:02:47.1460",9563526,USDCHF,2000,0.97289,0.97289,0,0,divisauk_2,primexm_fix44
"2018-02-26 15:24:00.0460",13226340,EURUSD,10000,1.2293,1.2293,0,0,divisa_nz_j_2,hotspot
"2018-02-27 17:44:17.4900",13248907,EURUSD,100000,1.22388,1.22388,0,0,divisa_nz_j_2,hotspot
"2018-02-28 12:17:10.2520",13260619,EURUSD,100000,1.22249,1.22249,0,0,divisa_nz_j_2,hotspot
"2018-02-28 23:20:00.4100",13271998,EURUSD,100000,1.21927,1.21927,0,0,divisa_nz_j_2,hotspot
"2018-03-01 10:12:00.4830",13278332,EURUSD,100000,1.2187,1.2187,0,0,divisa_nz_j_2,hotspot
"2018-03-01 16:42:00.4270",13287931,EURUSD,100000,1.22101,1.22101,0,0,divisa_nz_j_2,hotspot
"2018-03-02 06:32:12.1680",13296907,EURUSD,100000,1.22677,1.22677,0,0,divisa_nz_j_2,hotspot
"2018-03-04 23:32:00.1390",13311687,EURUSD,100000,1.23032,1.23032,0,0,divisa_nz_j_2,hotspot
"2018-03-06 01:01:20.5200",13328641,EURUSD,100000,1.2353,1.2353,0,0,divisa_nz_j_2,hotspot
"2018-03-07 06:35:03.1910",13355892,GBPUSD,100000,1.39045,1.39045,0,0,divisa_nz_j_2,hotspot
"2018-03-07 19:37:00.2390",13368512,GBPUSD,100000,1.38914,1.38914,0,0,divisa_nz_j,fxcm_fm
"2018-03-09 13:39:00.4870",13404793,GBPUSD,100000,1.38301,1.38301,0,0,divisa_nz_j_2,hotspot
"2018-03-12 18:00:37.8080",13516512,USDCHF,100000,0.94765,0.94765,0,0,divisa_nz_j_2,hotspot
"2018-03-13 06:00:38.8520",13520439,EURUSD,100000,1.23296,1.23296,0,0,divisa_nz_j_2,hotspot
"2017-08-15 15:35:26.9410",9561048,USDCHF,1000,0.97364,0.97364,0,0,divisauk_4,primexm_fix44
"2017-08-15 17:19:02.1400",9562652,USDJPY,4000,110.414,110.414,0,0,divisauk_1,primexm_fix44
"2018-03-16 13:06:00.0940",13600186,EURJPY,100000,130.221,130.221,0,0,divisa_nz_j_2,hotspot
"2018-03-16 14:37:00.1890",13602311,USDJPY,100000,106.082,106.082,0,0,divisa_nz_j_2,hotspot
"2018-02-23 16:51:17.7660",13211342,EURUSD,100000,1.2291,1.2291,0,0,divisa_nz_j_2,hotspot
"2018-03-16 18:51:52.4770",13605701,EURUSD,100000,1.22856,1.22856,0,0,divisa_nz_j_2,hotspot
"2018-02-27 13:31:00.3880",13238996,EURUSD,100000,1.22975,1.22975,0,0,divisa_nz_j_2,hotspot
"2018-02-28 04:25:00.3010",13253943,EURUSD,10000,1.2224,1.2224,0,0,divisa_nz_j_2,hotspot
"2018-02-28 16:35:00.1270",13268184,EURUSD,100000,1.22156,1.22156,0,0,divisa_nz_j_2,hotspot
"2018-03-01 02:01:00.1840",13273404,EURUSD,100000,1.21926,1.21926,0,0,divisa_nz_j_2,hotspot
"2018-03-01 14:10:00.1280",13282782,EURUSD,100000,1.21845,1.21845,0,0,divisa_nz_j_2,hotspot
"2018-03-02 00:05:55.7900",13294137,EURUSD,20000,1.22659,1.22659,0,0,divisa_nz_j_2,hotspot
"2018-03-02 08:36:00.5040",13298952,EURUSD,100000,1.22726,1.22726,0,0,divisa_nz_j_2,hotspot
"2018-03-05 09:53:00.7370",13317792,EURUSD,100000,1.23244,1.23244,0,0,divisa_nz_j_2,hotspot
"2018-03-06 20:35:02.4090",13345821,GBPUSD,100000,1.38848,1.38848,0,0,divisa_nz_j_2,hotspot
"2018-03-07 13:25:00.1670",13361860,GBPUSD,100000,1.38609,1.38609,0,0,divisa_nz_j,fxcm_fm
"2018-03-08 04:28:01.8140",13371371,GBPUSD,100000,1.3909,1.3909,0,0,divisa_nz_j_2,hotspot
"2018-03-09 06:35:04.1840",13393868,EURUSD,100000,1.23216,1.23216,0,0,divisa_nz_j_2,hotspot
"2018-03-12 06:02:30.7470",13490930,USDJPY,100000,106.64,106.64,0,0,divisa_nz_j_2,hotspot
"2018-03-13 00:02:00.5430",13518176,EURJPY,100000,131.167,131.167,0,0,divisa_nz_j_2,hotspot
"2017-08-15 15:26:55.4910",9560927,USDJPY,1000,110.481,110.481,0,0,divisauk_1,primexm_fix44
"2018-03-13 09:50:05.3000",13525314,EURGBP,100000,0.88802,0.88802,0,0,divisa_nz_j_2,hotspot
"2017-08-15 15:42:46.8740",9561149,AUDUSD,1000,0.78213,0.78213,0,0,divisauk_2,primexm_fix44
"2018-02-26 15:21:00.4860",13226259,EURUSD,100000,1.2297,1.2297,0,0,divisa_nz_j_2,hotspot
"2018-02-27 17:42:14.9830",13248893,EURUSD,100000,1.22391,1.22391,0,0,divisa_nz_j_2,hotspot
"2018-02-28 10:37:00.2480",13258998,EURUSD,100000,1.22292,1.22292,0,0,divisa_nz_j_2,hotspot
"2018-02-28 22:26:04.3160",13271674,EURUSD,100000,1.21946,1.21946,0,0,divisa_nz_j_2,hotspot
"2018-03-01 16:38:00.0470",13287874,EURUSD,79000,1.22057,1.22057,0,0,divisa_nz_j_2,hotspot
"2018-03-02 05:44:00.4370",13296041,EURUSD,10000,1.22765,1.22765,0,0,divisa_nz_j_2,hotspot
"2018-03-02 16:27:00.5300",13308240,EURUSD,90000,1.23067,1.23067,0,0,divisa_nz_j_2,hotspot
"2018-03-06 00:34:35.0300",13328444,EURUSD,100000,1.23507,1.23507,0,0,divisa_nz_j_2,hotspot
"2018-03-07 05:35:03.6280",13355211,GBPUSD,100000,1.3887,1.3887,0,0,divisa_nz_j_2,hotspot
"2018-03-12 18:00:37.7960",13516510,EURUSD,100000,1.23296,1.23296,0,0,divisa_nz_j_2,hotspot
"2018-03-13 06:00:38.8470",13520437,EURGBP,100000,0.88746,0.88746,0,0,divisa_nz_j,fastmatch
"2017-08-15 15:35:26.9340",9561046,EURUSD,2000,1.1726,1.1726,0,0,divisauk_1,primexm_fix44
"2018-03-13 12:47:00.5140",13531552,EURGBP,100000,0.887,0.887,0,0,divisa_nz_j,fastmatch
"2017-08-15 17:19:02.1380",9562650,NZDUSD,4000,0.72374,0.72374,0,0,divisa_m,mahi
"2018-03-16 12:57:00.1610",13599915,USDJPY,100000,105.732,105.732,0,0,divisa_nz_j_2,hotspot
"2017-08-17 16:43:03.1210",9620916,GBPUSD,76000,1.28827,1.28827,0,0,divisauk_4,primexm_fix44
"2018-03-16 14:09:00.2500",13601828,USDJPY,100000,106.081,106.081,0,0,divisa_nz_j_2,hotspot
"2018-01-22 15:11:33.6620",12416050,EURUSD,10000,1.22419,1.22419,0,0,divisa_nz_j_2,hotspot
"2018-02-27 13:16:53.4140",13238519,EURUSD,100000,1.23009,1.23009,0,0,divisa_nz_j_2,hotspot
"2018-02-28 04:22:00.1820",13253935,EURUSD,100000,1.22253,1.22253,0,0,divisa_nz_j_2,hotspot
"2018-02-28 16:33:00.0460",13268131,EURUSD,100000,1.22152,1.22152,0,0,divisa_nz_j_2,hotspot
"2018-03-01 01:59:00.1280",13273387,EURUSD,100000,1.21919,1.21919,0,0,divisa_nz_j_2,hotspot
"2018-03-01 13:35:00.3150",13281697,EURUSD,100000,1.21747,1.21747,0,0,divisa_nz_j_2,hotspot
"2018-03-02 08:08:00.2860",13298643,EURUSD,10000,1.2258,1.2258,0,0,divisa_nz_j_2,hotspot
"2018-03-05 08:02:00.3200",13315325,EURUSD,100000,1.22934,1.22934,0,0,divisa_nz_j_2,hotspot
"2018-03-06 19:25:38.1780",13345503,EURUSD,100000,1.24069,1.24069,0,0,divisa_nz_j_2,hotspot
"2018-03-07 13:20:00.5120",13361696,GBPUSD,100000,1.38582,1.38582,0,0,divisa_nz_j_2,hotspot
"2018-03-08 02:19:06.3930",13370887,EURUSD,100000,1.24059,1.24059,0,0,divisa_nz_j,fxcm_fm
"2018-03-09 05:35:04.1000",13393407,GBPUSD,100000,1.38052,1.38052,0,0,divisa_nz_j_2,hotspot
"2018-03-13 00:00:38.1020",13518169,USDCHF,100000,0.94743,0.94743,0,0,divisa_nz_j_2,hotspot
"2017-08-15 15:26:55.4870",9560925,NZDUSD,1000,0.7241,0.7241,0,0,divisauk_1,primexm_fix44
"2018-03-16 11:00:49.6500",13598412,EURUSD,100000,1.23269,1.23269,0,0,divisa_nz_j_2,hotspot
"2017-08-15 18:21:05.7780",9563190,USDCAD,1000,1.27642,1.27642,0,0,divisa_m,mahi
"2018-03-16 16:35:00.1370",13604601,USDJPY,100000,106.097,106.097,0,0,divisa_nz_j_2,hotspot
"2018-02-26 15:11:00.4250",13226015,EURUSD,100000,1.22916,1.22916,0,0,divisa_nz_j_2,hotspot
"2018-02-28 21:58:00.3170",13271478,EURUSD,100000,1.21925,1.21925,0,0,divisa_nz_j_2,hotspot
"2018-03-01 08:09:00.4690",13276184,EURUSD,100000,1.21954,1.21954,0,0,divisa_nz_j_2,hotspot
"2018-03-01 14:42:00.3220",13283644,EURUSD,100000,1.21675,1.21675,0,0,divisa_nz_j_2,hotspot
"2018-03-02 05:41:00.5120",13296032,EURUSD,100000,1.22765,1.22765,0,0,divisa_nz_j_2,hotspot
"2018-03-02 16:24:00.5400",13308226,EURUSD,100000,1.23085,1.23085,0,0,divisa_nz_j_2,hotspot
"2018-03-05 20:52:32.2160",13327183,EURUSD,100000,1.23326,1.23326,0,0,divisa_nz_j_2,hotspot
"2018-03-07 04:02:00.5210",13354930,GBPUSD,100000,1.38952,1.38952,0,0,divisa_nz_j_2,hotspot
"2018-03-07 18:18:00.3030",13367934,EURUSD,100000,1.24002,1.24002,0,0,divisa_nz_j_2,hotspot
"2018-03-08 13:33:00.2790",13380172,GBPUSD,100000,1.3886,1.3886,0,0,divisa_nz_j_2,hotspot
"2018-03-09 12:32:34.4310",13402311,USDJPY,100000,106.837,106.837,0,0,divisa_nz_j_2,hotspot
"2018-03-12 17:57:00.1640",13516465,USDJPY,100000,106.54,106.54,0,0,divisa_nz_j,fastmatch
"2018-03-13 05:31:43.3770",13520003,EURJPY,100000,131.595,131.595,0,0,divisa_nz_j_2,hotspot
"2017-08-15 15:34:22.3920",9561042,USDCAD,1000,1.27603,1.27603,0,0,divisauk_1,primexm_fix44
"2018-03-13 12:45:14.3980",13531255,EURGBP,100000,0.8869,0.8869,0,0,divisa_nz_j_2,hotspot
"2017-08-15 17:19:02.1330",9562648,USDCHF,4000,0.97187,0.97187,0,0,divisauk_1,primexm_fix44
"2018-03-16 12:30:00.4060",13599584,USDJPY,100000,105.684,105.684,0,0,divisa_nz_j_2,hotspot
"2017-08-17 16:39:49.5470",9620901,USDJPY,11000,109.839,109.839,0,0,divisauk_1,primexm_fix44
"2018-03-16 13:57:18.0290",13601603,EURCHF,100000,1.16935,1.16935,0,0,divisa_nz_j_2,hotspot
"2018-01-18 15:37:55.4250",12380760,EURUSD,103000,1.224,1.224,0,0,divisa_nz_j,fxcm_fm
"2018-02-27 13:14:51.5940",13238452,EURUSD,100000,1.2303,1.2303,0,0,divisa_nz_j_2,hotspot
"2018-02-28 04:19:00.0260",13253932,EURUSD,100000,1.2225,1.2225,0,0,divisa_nz_j_2,hotspot
"2018-02-28 16:28:40.7550",13267979,EURUSD,90000,1.22089,1.22089,0,0,divisa_nz_j_2,hotspot
"2018-03-01 01:46:00.0950",13273311,EURUSD,10000,1.21884,1.21884,0,0,divisa_nz_j_2,hotspot
"2018-03-01 20:06:00.1270",13292507,EURUSD,100000,1.22634,1.22634,0,0,divisa_nz_j_2,hotspot
"2018-03-02 07:52:00.1650",13298351,EURUSD,100000,1.22603,1.22603,0,0,divisa_nz_j_2,hotspot
"2018-03-06 18:41:00.5100",13344965,GBPUSD,100000,1.38905,1.38905,0,0,divisa_nz_j_2,hotspot
"2018-03-07 12:43:00.2570",13361149,GBPUSD,100000,1.38677,1.38677,0,0,divisa_nz_j_2,hotspot
"2018-03-08 01:18:00.6390",13370529,EURUSD,100000,1.2403,1.2403,0,0,divisa_nz_j_2,hotspot
"2018-03-09 02:32:52.3900",13392595,GBPUSD,100000,1.38008,1.38008,0,0,divisa_nz_j_2,hotspot
"2018-03-09 18:55:00.3980",13433280,EURUSD,100000,1.23134,1.23134,0,0,divisa_nz_j_2,hotspot
"2018-03-12 22:29:00.2610",13517775,EURCHF,100000,1.16914,1.16914,0,0,divisa_nz_j_2,hotspot
"2018-03-13 08:36:04.1440",13523080,USDCHF,100000,0.94753,0.94753,0,0,divisa_nz_j_2,hotspot
"2017-08-15 15:39:17.6920",9561102,USDJPY,1000,110.479,110.479,0,0,divisauk_4,primexm_fix44
"2018-03-16 10:53:00.2060",13598334,GBPUSD,100000,1.39642,1.39642,0,0,divisa_nz_j,fastmatch
"2017-08-15 18:21:05.7520",9563188,AUDUSD,3000,0.78168,0.78168,0,0,divisauk_1,primexm_fix44
"2018-02-26 15:07:08.2280",13225841,EURUSD,10000,1.2296,1.2296,0,0,divisa_nz_j_2,hotspot
"2018-02-28 20:32:00.3460",13270988,EURUSD,10000,1.21993,1.21993,0,0,divisa_nz_j_2,hotspot
"2018-03-01 08:07:00.3380",13276163,EURUSD,100000,1.21949,1.21949,0,0,divisa_nz_j_2,hotspot
"2018-03-01 14:40:00.1730",13283593,EURUSD,100000,1.2168,1.2168,0,0,divisa_nz_j_2,hotspot
"2018-03-02 05:33:12.4300",13296001,EURUSD,100000,1.22771,1.22771,0,0,divisa_nz_j_2,hotspot
"2018-03-02 15:06:00.2290",13307067,EURUSD,98000,1.2325,1.2325,0,0,divisa_nz_j_2,hotspot
"2018-03-07 03:22:00.2000",13354830,GBPUSD,100000,1.38928,1.38928,0,0,divisa_nz_j,fxcm_fm
"2018-03-07 17:22:00.4630",13367535,GBPUSD,100000,1.38812,1.38812,0,0,divisa_nz_j_2,hotspot
"2018-03-08 12:47:56.6250",13378225,EURUSD,100000,1.24182,1.24182,0,0,divisa_nz_j_2,hotspot
"2018-03-09 12:07:00.1660",13402021,GBPUSD,100000,1.38248,1.38248,0,0,divisa_nz_j,fxcm_fm
"2018-03-12 16:31:00.4640",13515783,EURGBP,100000,0.88672,0.88672,0,0,divisa_nz_j_2,hotspot
"2017-08-15 15:34:22.3870",9561040,AUDUSD,1000,0.78187,0.78187,0,0,divisauk_1,primexm_fix44
"2018-03-13 12:44:50.8710",13531187,EURJPY,100000,132.09,132.09,0,0,divisa_nz_j_2,hotspot
"2017-08-15 17:19:02.1280",9562646,EURUSD,4000,1.1741,1.1741,0,0,divisa_m,mahi
"2018-03-16 12:27:00.4740",13599543,EURJPY,100000,130.228,130.228,0,0,divisa_nz_j_2,hotspot
"2017-08-17 16:39:49.5430",9620899,NZDUSD,29000,0.73031,0.73031,0,0,divisa_m,mahi
"2018-03-16 13:39:00.3620",13601093,EURJPY,100000,130.186,130.186,0,0,divisa_nz_j_2,hotspot
"2018-03-16 18:20:00.4660",13605557,GBPUSD,100000,1.39379,1.39379,0,0,divisa_nz_j_2,hotspot
"2018-02-27 12:47:00.2730",13237811,EURUSD,100000,1.23175,1.23175,0,0,divisa_nz_j_2,hotspot
"2018-02-28 01:16:18.2030",13252660,EURUSD,100000,1.22329,1.22329,0,0,divisa_nz_j_2,hotspot
"2018-02-28 16:26:40.0430",13267894,EURUSD,100000,1.22063,1.22063,0,0,divisa_nz_j_2,hotspot
"2018-03-01 01:42:00.3120",13273294,EURUSD,100000,1.21868,1.21868,0,0,divisa_nz_j_2,hotspot
"2018-03-01 12:23:23.3860",13280030,EURUSD,10000,1.21736,1.21736,0,0,divisa_nz_j_2,hotspot
"2018-03-01 19:42:00.3830",13291555,EURUSD,100000,1.22345,1.22345,0,0,divisa_nz_j_2,hotspot
"2018-03-02 07:26:35.6780",13298053,EURUSD,100000,1.22544,1.22544,0,0,divisa_nz_j_2,hotspot
"2018-03-06 12:06:00.0860",13337123,EURUSD,100000,1.23935,1.23935,0,0,divisa_nz_j_2,hotspot
"2018-03-07 11:35:02.8870",13360312,GBPUSD,100000,1.38645,1.38645,0,0,divisa_nz_j,fxcm_fm
"2018-03-09 01:30:00.2550",13392042,GBPUSD,100000,1.37961,1.37961,0,0,divisa_nz_j_2,hotspot
"2018-03-09 16:30:00.3340",13415006,EURUSD,100000,1.23224,1.23224,0,0,divisa_nz_j_2,hotspot
"2018-03-13 08:32:00.4760",13522758,EURUSD,100000,1.23288,1.23288,0,0,divisa_nz_j_2,hotspot
"2017-08-15 15:39:17.6870",9561100,NZDUSD,1000,0.72386,0.72386,0,0,divisauk_1,primexm_fix44
"2018-03-13 15:00:41.0560",13538751,EURCHF,100000,1.16887,1.16887,0,0,divisa_nz_j,fastmatch
"2017-08-15 18:21:05.7480",9563186,GBPUSD,1000,1.2865,1.2865,0,0,divisa_m,mahi
"2018-02-26 15:05:06.6720",13225786,EURUSD,100000,1.22944,1.22944,0,0,divisa_nz_j_2,hotspot
"2018-02-27 14:56:00.0820",13243149,EURUSD,41000,1.22746,1.22746,0,0,divisa_nz_j_2,hotspot
"2018-02-28 07:22:00.3910",13255421,EURUSD,10000,1.22352,1.22352,0,0,divisa_nz_j_2,hotspot
"2018-02-28 20:30:00.2940",13270980,EURUSD,100000,1.21975,1.21975,0,0,divisa_nz_j_2,hotspot
"2018-03-01 07:52:00.0930",13275737,EURUSD,10000,1.22084,1.22084,0,0,divisa_nz_j_2,hotspot
"2018-03-02 15:02:00.3220",13306864,EURUSD,100000,1.23238,1.23238,0,0,divisa_nz_j_2,hotspot
"2018-03-05 18:45:35.1710",13326637,EURUSD,100000,1.23308,1.23308,0,0,divisa_nz_j_2,hotspot
"2018-03-07 02:37:00.5750",13354665,GBPUSD,100000,1.38941,1.38941,0,0,divisa_nz_j_2,hotspot
"2018-03-07 15:58:05.7130",13365806,GBPUSD,100000,1.38949,1.38949,0,0,divisa_nz_j_2,hotspot
"2018-03-08 08:17:01.5230",13372911,EURUSD,100000,1.24058,1.24058,0,0,divisa_nz_j_2,hotspot
"2018-03-09 12:02:30.1490",13401943,EURUSD,100000,1.2301,1.2301,0,0,divisa_nz_j_2,hotspot
"2018-03-12 16:21:00.4600",13515650,EURGBP,100000,0.88664,0.88664,0,0,divisa_nz_j_2,hotspot
"2018-03-13 04:30:00.4120",13519261,EURUSD,100000,1.23315,1.23315,0,0,divisa_nz_j_2,hotspot
"2018-03-13 12:28:00.5480",13528610,EURCHF,100000,1.1689,1.1689,0,0,divisa_nz_j_2,hotspot
"2017-08-15 15:53:05.3980",9561330,USDCAD,1000,1.27494,1.27494,0,0,divisauk_4,primexm_fix44
"2018-03-16 13:31:00.2730",13600939,EURJPY,100000,130.184,130.184,0,0,divisa_nz_j_2,hotspot
"2018-02-27 12:36:00.2480",13237723,EURUSD,90000,1.23163,1.23163,0,0,divisa_nz_j_2,hotspot
"2018-02-28 01:11:32.6820",13252623,EURUSD,100000,1.22349,1.22349,0,0,divisa_nz_j_2,hotspot
"2018-02-28 15:24:00.5210",13265489,EURUSD,10000,1.21932,1.21932,0,0,divisa_nz_j_2,hotspot
"2018-03-02 07:03:00.0990",13297273,EURUSD,90000,1.22609,1.22609,0,0,divisa_nz_j_2,hotspot
"2018-03-06 11:27:00.4270",13335519,EURUSD,100000,1.23807,1.23807,0,0,divisa_nz_j_2,hotspot
"2018-03-07 11:18:00.5300",13360062,EURUSD,100000,1.24301,1.24301,0,0,divisa_nz_j_2,hotspot
"2018-03-07 23:25:31.4280",13370031,GBPUSD,100000,1.39001,1.39001,0,0,divisa_nz_j,fxcm_fm
"2018-03-09 14:59:00.2220",13407435,EURUSD,100000,1.23116,1.23116,0,0,divisa_nz_j,fxcm_fm
"2017-08-15 15:00:03.6530",9560193,AUDCAD,1000,0.99754,0.99754,0,0,divisauk_1,primexm_fix44
"2018-03-13 08:10:00.6810",13522441,EURUSD,100000,1.23229,1.23229,0,0,divisa_nz_j_2,hotspot
"2017-08-15 15:39:17.6840",9561098,USDCHF,1000,0.9733,0.9733,0,0,divisauk_1,primexm_fix44
"2017-08-15 17:19:27.3590",9562669,USDJPY,3000,110.412,110.412,0,0,divisauk_1,primexm_fix44
"2018-02-27 14:53:00.3870",13243014,EURUSD,59000,1.2274,1.2274,0,0,divisa_nz_j_2,hotspot
"2018-02-28 07:04:00.3170",13255223,EURUSD,100000,1.22337,1.22337,0,0,divisa_nz_j_2,hotspot
"2018-02-28 20:27:00.2020",13270962,EURUSD,100000,1.21993,1.21993,0,0,divisa_nz_j_2,hotspot
"2018-03-01 07:46:00.2220",13275686,EURUSD,100000,1.22097,1.22097,0,0,divisa_nz_j_2,hotspot
"2018-03-01 14:35:00.3060",13283326,EURUSD,100000,1.21762,1.21762,0,0,divisa_nz_j_2,hotspot
"2018-03-02 05:17:00.2520",13295952,EURUSD,90000,1.22754,1.22754,0,0,divisa_nz_j_2,hotspot
"2018-03-05 17:22:13.9010",13325643,EURUSD,100000,1.23341,1.23341,0,0,divisa_nz_j_2,hotspot
"2018-03-07 02:10:01.7280",13354499,GBPUSD,100000,1.3892,1.3892,0,0,divisa_nz_j,fxcm_fm
"2018-03-07 15:20:00.2500",13364532,GBPUSD,100000,1.38735,1.38735,0,0,divisa_nz_j_2,hotspot
"2018-03-08 07:41:59.7510",13372559,GBPUSD,100000,1.39084,1.39084,0,0,divisa_nz_j,fxcm_fm
"2018-03-09 11:33:00.1750",13401645,GBPUSD,100000,1.38209,1.38209,0,0,divisa_nz_j_2,hotspot
"2018-03-12 15:29:00.2930",13514292,EURGBP,100000,0.8867,0.8867,0,0,divisa_nz_j_2,hotspot
"2018-03-13 12:02:30.7020",13528168,EURGBP,100000,0.88783,0.88783,0,0,divisa_nz_j_2,hotspot
"2018-03-16 12:09:30.7320",13599374,EURJPY,100000,130.235,130.235,0,0,divisa_nz_j_2,hotspot
"2017-08-17 16:39:49.5260",9620895,EURUSD,150000,1.17451,1.17451,0,0,divisauk_1,primexm_fix44
"2017-11-03 12:21:30.6010",10653572,EURUSD,1000,1.16534,1.16534,0,0,divisauk_4,primexm_fix44
"2018-02-27 12:03:46.2180",13237446,EURUSD,100000,1.2316,1.2316,0,0,divisa_nz_j_2,hotspot
"2018-02-27 23:37:00.4680",13251542,EURUSD,90000,1.22375,1.22375,0,0,divisa_nz_j_2,hotspot
"2018-02-28 15:18:00.2470",13265359,EURUSD,100000,1.21904,1.21904,0,0,divisa_nz_j_2,hotspot
"2018-03-01 18:25:41.1430",13289700,EURUSD,100000,1.21984,1.21984,0,0,divisa_nz_j_2,hotspot
"2018-03-02 06:59:00.3300",13297199,EURUSD,100000,1.22625,1.22625,0,0,divisa_nz_j_2,hotspot
"2018-03-05 03:56:00.2640",13313051,EURUSD,100000,1.2326,1.2326,0,0,divisa_nz_j_2,hotspot
"2018-03-06 06:17:01.5210",13330417,EURUSD,100000,1.23524,1.23524,0,0,divisa_nz_j_2,hotspot
"2018-03-07 09:48:00.2850",13358706,GBPUSD,100000,1.38665,1.38665,0,0,divisa_nz_j_2,hotspot
"2018-03-07 22:50:01.8370",13369926,EURUSD,100000,1.24117,1.24117,0,0,divisa_nz_j,fxcm_fm
"2018-03-08 20:59:00.5200",13390642,GBPUSD,100000,1.38148,1.38148,0,0,divisa_nz_j_2,hotspot
"2018-03-09 14:20:00.2750",13406550,EURUSD,100000,1.23033,1.23033,0,0,divisa_nz_j_2,hotspot
"2018-03-12 19:42:00.2050",13517216,USDCHF,100000,0.94757,0.94757,0,0,divisa_nz_j,fastmatch
"2017-08-15 14:44:58.1860",9559715,AUS200,1,5751.29,5751.29,0,0,divisauk_1,primexm_fix44
"2018-03-13 06:35:35.4970",13520698,USDCHF,100000,0.94775,0.94775,0,0,divisa_nz_j_2,hotspot
"2017-08-15 15:39:17.6800",9561096,EURUSD,2000,1.17272,1.17272,0,0,divisauk_4,primexm_fix44
"2017-08-15 17:19:27.3530",9562667,NZDUSD,2000,0.72386,0.72386,0,0,divisauk_1,primexm_fix44
"2018-03-16 13:21:30.7710",13600682,EURJPY,100000,130.217,130.217,0,0,divisa_nz_j,fastmatch
"2018-03-16 15:18:36.9360",13603396,EURCHF,100000,1.17032,1.17032,0,0,divisa_nz_j,fastmatch
"2018-02-26 13:55:00.3380",13224128,EURUSD,10000,1.23116,1.23116,0,0,divisa_nz_j_2,hotspot
"2018-02-28 07:01:00.2280",13255164,EURUSD,100000,1.2234,1.2234,0,0,divisa_nz_j_2,hotspot
"2018-02-28 18:17:26.3900",13269597,EURUSD,100000,1.22059,1.22059,0,0,divisa_nz_j_2,hotspot
"2018-03-01 07:44:00.0440",13275638,EURUSD,100000,1.22079,1.22079,0,0,divisa_nz_j_2,hotspot
"2018-03-01 14:31:00.1610",13283271,EURUSD,100000,1.218,1.218,0,0,divisa_nz_j_2,hotspot
"2018-03-02 00:25:00.3170",13294232,EURUSD,10000,1.22652,1.22652,0,0,divisa_nz_j_2,hotspot
"2018-03-02 11:59:53.1550",13302991,EURUSD,100000,1.23051,1.23051,0,0,divisa_nz_j_2,hotspot
"2018-03-05 16:23:52.9270",13324580,EURUSD,100000,1.23373,1.23373,0,0,divisa_nz_j_2,hotspot
"2018-03-07 01:35:04.0300",13354214,GBPUSD,100000,1.38991,1.38991,0,0,divisa_nz_j_2,hotspot
"2018-03-07 14:50:04.1410",13363653,GBPUSD,100000,1.38818,1.38818,0,0,divisa_nz_j_2,hotspot
"2018-03-08 07:38:00.2440",13372484,GBPUSD,100000,1.39033,1.39033,0,0,divisa_nz_j_2,hotspot
"2018-03-12 12:53:00.2660",13511679,EURUSD,100000,1.22969,1.22969,0,0,divisa_nz_j_2,hotspot
"2017-08-15 15:28:11.2000",9560946,NZDUSD,1000,0.72423,0.72423,0,0,divisauk_1,primexm_fix44
"2018-03-13 11:46:37.2800",13527735,EURUSD,100000,1.23415,1.23415,0,0,divisa_nz_j_2,hotspot
"2017-08-15 15:53:05.3900",9561326,GBPUSD,1000,1.28604,1.28604,0,0,divisa_m,mahi
"2017-08-15 19:02:47.1580",9563529,USDCAD,1000,1.27572,1.27572,0,0,divisauk_1,primexm_fix44
"2018-02-27 23:29:00.2750",13251500,EURUSD,100000,1.22359,1.22359,0,0,divisa_nz_j_2,hotspot
"2018-02-28 14:33:00.4460",13263744,EURUSD,100000,1.22276,1.22276,0,0,divisa_nz_j_2,hotspot
"2018-03-01 10:26:00.1670",13278436,EURUSD,90000,1.21906,1.21906,0,0,divisa_nz_j_2,hotspot
"2018-03-01 17:08:00.1100",13288494,EURUSD,100000,1.22166,1.22166,0,0,divisa_nz_j_2,hotspot
"2018-03-02 06:37:52.1040",13297057,EURUSD,10000,1.22669,1.22669,0,0,divisa_nz_j_2,hotspot
"2018-03-05 01:10:00.1490",13312220,EURUSD,100000,1.23334,1.23334,0,0,divisa_nz_j_2,hotspot
"2018-03-07 20:38:00.5810",13369344,GBPUSD,100000,1.39013,1.39013,0,0,divisa_nz_j_2,hotspot
"2018-03-08 19:47:39.1360",13389648,GBPUSD,100000,1.38177,1.38177,0,0,divisa_nz_j_2,hotspot
"2018-03-09 13:44:45.0700",13405470,GBPUSD,100000,1.38134,1.38134,0,0,divisa_nz_j,fxcm_fm
"2018-03-12 19:18:00.3610",13517106,USDCHF,100000,0.9467,0.9467,0,0,divisa_nz_j_2,hotspot
"2017-08-15 12:44:17.9760",9554763,EURUSD,1000,1.16985,1.16985,0,0,divisauk_1,primexm_fix44
"2018-03-13 06:11:31.0390",13520480,EURUSD,100000,1.23304,1.23304,0,0,divisa_nz_j_2,hotspot
"2017-08-15 15:35:26.9700",9561051,USDCAD,1000,1.27603,1.27603,0,0,divisa_m,mahi
"2018-03-13 13:13:30.4980",13533316,EURGBP,100000,0.88622,0.88622,0,0,divisa_nz_j_2,hotspot
"2017-08-15 17:19:27.3490",9562665,USDCHF,2000,0.97177,0.97177,0,0,divisauk_1,primexm_fix44
